"tag_session_id","start.timestamp","end.timestamp","flightDuration_sec","propSoaring","propActive","species_id","flightID","Date","flightSession","GPS_id","individual","ACC_id","harness_type","TAG_id","harnessExp","ACC_type","stepLength.sum","odbaAvg_smooth3s.sum","vedbaAvg_smooth3s_move.sum","vedbaAvg_smooth05s_flap.sum","vedbaAvg_smooth025s_noise.mean","vedbaCum_smooth025s_noise.mean"
"2018-06-25_gps13_acc7_flight1","2018-06-25 11:24:21","2018-06-25 12:33:18",4138,0.591590140164331,0.0227162880618656,"VF","gps13_flight1","2018-06-25",1,"13","LEON","7","LegLoop","gps13_acc7","treatment","AGM",59058.5467726814,798.74298448387,548.039639412836,343.681826169605,0.064798552949624,1.61996382422393
"2018-06-25_gps13_acc7_flight3","2018-06-25 14:25:33","2018-06-25 14:38:39",787,0.59720457433291,0.218551461245235,"VF","gps13_flight3","2018-06-25",3,"13","LEON","7","LegLoop","gps13_acc7","treatment","AGM",7338.126083921,355.497891548,245.5263099639,208.8060885056,0.210126584025032,5.25316461138501
"2018-06-25_gps3_acc3_flight1","2018-06-25 11:21:03","2018-06-25 11:50:59",1797,0.57039510294936,0.00500834724540901,"VF","gps3_flight1","2018-06-25",1,"3","GREGOIRE","3","LegLoop","gps3_acc3","treatment","AXY",25022.3824999,398.107542985,276.709113036,182.866197887,0.0851357669894268,2.12839417424597
"2018-06-25_gps3_acc3_flight2","2018-06-25 12:48:47","2018-06-25 13:25:17",2191,0.566864445458695,0.00638977635782748,"VF","gps3_flight2","2018-06-25",2,"3","GREGOIRE","3","LegLoop","gps3_acc3","treatment","AXY",33300.08252587,449.795158574,312.791111721,206.566032077,0.0766291539406664,1.91572884843907
"2018-06-25_gps3_acc3_flight3","2018-06-25 14:22:32","2018-06-25 14:38:02",931,0.66702470461869,0.114930182599356,"VF","gps3_flight3","2018-06-25",3,"3","GREGOIRE","3","LegLoop","gps3_acc3","treatment","AXY",9225.74795124,274.7577402185,194.3219491784,153.1058265089,0.124621179446831,3.11552948116219
"2018-06-25_gps5_acc5_flight1","2018-06-25 11:20:50","2018-06-25 11:55:10",2061,0.514798641436196,0.00291120815138282,"VH","gps5_flight1","2018-06-25",1,"5","GISELE","5","LegLoop","gps5_acc5","treatment","AGM",26876.0946817,371.310614284,258.302860341,152.708746473,0.0546305986443474,1.36576496557496
"2018-06-25_gps5_acc5_flight2","2018-06-25 12:48:41","2018-06-25 13:30:18",2498,0.487990392313851,0.00120096076861489,"VH","gps5_flight2","2018-06-25",2,"5","GISELE","5","LegLoop","gps5_acc5","treatment","AGM",29487.6179017,452.133250859,311.131686898,184.105778681,0.0543335643144516,1.35833910679343
"2018-06-25_gps5_acc5_flight3","2018-06-25 14:22:15","2018-06-25 14:38:33",979,0.762002042900919,0.00306435137895812,"VH","gps5_flight3","2018-06-25",3,"5","GISELE","5","LegLoop","gps5_acc5","treatment","AGM",10990.329694,229.315384905,160.208174901,92.431781387,0.0709550023544433,1.77387506016343
"2018-06-25_gps6_acc6_flight1","2018-06-25 11:20:54","2018-06-25 11:32:57",724,0.636740331491713,0.0966850828729282,"VF","gps6_flight1","2018-06-25",1,"6","HENRI","6","Backpack","gps6_acc6","treatment","AGM",8509.8033593,236.585183202,159.38332068,129.1253066,0.135526426813536,3.38816066773481
"2018-06-25_gps6_acc6_flight2","2018-06-25 12:48:44","2018-06-25 13:12:55",1452,0.635674931129477,0.00413223140495868,"VF","gps6_flight2","2018-06-25",2,"6","HENRI","6","Backpack","gps6_acc6","treatment","AGM",19007.4207286,266.458466725,177.574480381,111.690104072,0.0614704847913223,1.53676211816804
"2018-06-25_gps6_acc6_flight3","2018-06-25 14:22:22","2018-06-25 14:39:32",1031,0.682832201745878,0.0572259941804074,"VF","gps6_flight3","2018-06-25",3,"6","HENRI","6","Backpack","gps6_acc6","treatment","AGM",12003.7405468,286.649111058,190.740042445,135.545593014,0.100149190509214,2.50372976047527
"2018-06-25_gpsG_accG_flight1","2018-06-25 11:24:14","2018-06-25 11:53:48",1775,0.324507042253521,0.277183098591549,"VH","gpsG_flight1","2018-06-25",1,"G","GAELLE","G","Tail","gpsG_accG","treatment","Axytreck",24474.3610636,1987.4072004,1385.37223567,1269.91210456,0.706066213160563,17.6516553202254
"2018-06-25_gpsG_accG_flight2","2018-06-25 12:52:10","2018-06-25 13:17:43",1534,0.378096479791395,0.316818774445893,"VH","gpsG_flight2","2018-06-25",2,"G","GAELLE","G","Tail","gpsG_accG","treatment","Axytreck",21491.4559178,1792.84193052,1239.18377149,1150.22337005,0.738666665710561,18.466666633442
"2018-06-25_gpsG_accG_flight3","2018-06-25 14:25:24","2018-06-25 14:41:34",971,0.677651905252317,0.182286302780639,"VH","gpsG_flight3","2018-06-25",3,"G","GAELLE","G","Tail","gpsG_accG","treatment","Axytreck",11091.1983295,1271.29854144,875.18565007,763.23226967,0.74318510915551,18.5796277095778
"2018-06-25_gpsH_accH_flight1","2018-06-25 11:20:22","2018-06-25 11:30:51",630,0.692063492063492,0.0682539682539682,"RAV","gpsH_flight1","2018-06-25",1,"H","MANU","H","Tail","gpsH_accH","treatment","Axytreck",5040.57507036,494.50384749,331.060446241,285.604273825,0.414076731204603,10.3519182636984
"2018-06-25_gpsH_accH_flight2","2018-06-25 12:49:41","2018-06-25 13:23:48",2048,0.54443359375,0.0048828125,"RAV","gpsH_flight2","2018-06-25",2,"H","KHAN","H","Tail","gpsH_accH","treatment","Axytreck",27188.17305,1162.79059726,770.931964471,640.847191701,0.281116612097168,7.02791530048828
"2018-06-25_gpsH_accH_flight3","2018-06-25 14:23:16","2018-06-25 14:39:09",954,0.640461215932914,0.225366876310273,"RAV","gpsH_flight3","2018-06-25",3,"H","MANU","H","Tail","gpsH_accH","treatment","Axytreck",7520.89579443,755.141526246,501.846981396,459.97421473,0.450929296249476,11.2732324076415
"2018-06-25_gpsI_accI_flight1","2018-06-25 11:24:29","2018-06-25 11:50:59",1591,0.516656191074796,0.082338152105594,"VR","gpsI_flight1","2018-06-25",1,"I","KIRIKOU","I","Tail","gpsI_accI","treatment","Axytreck",20658.1749792,1142.30957928,770.05040639,705.518586,0.436199524036455,10.9049880949089
"2018-06-25_gpsI_accI_flight2","2018-06-25 12:52:26","2018-06-25 13:24:55",1950,0.648717948717949,0.00512820512820513,"VR","gpsI_flight2","2018-06-25",2,"I","KIRIKOU","I","Tail","gpsI_accI","treatment","Axytreck",25214.93450863,1586.106075737,1074.171875622,1006.67007078,0.507586232467692,12.6896557997026
"2018-06-25_gpsI_accI_flight3","2018-06-25 14:25:39","2018-06-25 14:38:23",765,0.652287581699346,0.0287581699346405,"VR","gpsI_flight3","2018-06-25",3,"I","KIRIKOU","I","Tail","gpsI_accI","treatment","Axytreck",8121.38898392,600.198727844,405.370204188,351.157699523,0.448363699469281,11.209092506549
"2018-06-25_gpsJ_accJ_flight1","2018-06-25 11:25:02","2018-06-25 11:32:08",427,0.292740046838407,0.0655737704918033,"CONDOR","gpsJ_flight1","2018-06-25",1,"J","KUZCO","J","Tail","gpsJ_accJ","treatment","Axytreck",3330.66225535,380.964950492,263.010583637,207.296824588,0.438046574807963,10.9511643668618
"2018-06-25_gpsJ_accJ_flight2","2018-06-25 12:52:09","2018-06-25 12:58:53",405,0.637037037037037,0.108641975308642,"CONDOR","gpsJ_flight2","2018-06-25",2,"J","KUZCO","J","Tail","gpsJ_accJ","treatment","Axytreck",219.52803563,258.459960742,174.946355863,159.813427817,0.367196786881481,9.17991969111111
"2018-06-25_gpsJ_accJ_flight3","2018-06-25 14:22:11","2018-06-25 14:41:48",1178,0.485568760611205,0.0959252971137521,"CONDOR","gpsJ_flight3","2018-06-25",3,"J","KUZCO","J","Tail","gpsJ_accJ","treatment","Axytreck",10783.83848926,1067.305544288,741.151833519,603.395091196,0.493880197019281,12.3470049278352
"2018-06-26_gps13_acc7_flight1","2018-06-26 11:19:37","2018-06-26 12:19:14",3578,0.873672442705422,0.0771380659586361,"VR","gps13_flight1","2018-06-26",1,"13","KIRIKOU","7","Backpack","gps13_acc7","treatment","AGM",27899.187243268,1010.062346178,679.173041419,586.6118219665,0.138319972107686,3.45799929999441
"2018-06-26_gps13_acc7_flight2","2018-06-26 12:45:36","2018-06-26 12:56:33",658,0.721884498480243,0.00759878419452888,"VR","gps13_flight2","2018-06-26",2,"13","KIRIKOU","7","Backpack","gps13_acc7","treatment","AGM",7363.03413579,143.579411596,96.875278594,65.137038134,0.0830992456215806,2.0774811418997
"2018-06-26_gps13_acc7_flight3","2018-06-26 14:21:39","2018-06-26 14:51:16",1778,0.654105736782902,0.0191226096737908,"VR","gps13_flight3","2018-06-26",3,"13","KIRIKOU","7","Backpack","gps13_acc7","treatment","AGM",19953.372928426,358.100775602,241.540070808,167.171238125,0.0769279278262092,1.92319819413386
"2018-06-26_gps3_acc3_flight1","2018-06-26 11:20:15","2018-06-26 11:56:54",2200,0.718181818181818,0.025,"RAV","gps3_flight1","2018-06-26",1,"3","KHAN","3","LegLoop","gps3_acc3","treatment","AXY",22788.7388067,745.10405191,485.369751371,297.42288508,0.108216892366364,2.70542231088182
"2018-06-26_gps3_acc3_flight2","2018-06-26 12:48:42","2018-06-26 13:19:53",1872,0.751068376068376,0.142094017094017,"RAV","gps3_flight2","2018-06-26",2,"3","MANU","3","Backpack","gps3_acc3","treatment","AXY",11072.299411882,663.0136623246,471.8614091739,426.59711663351,0.198977036457815,4.97442590385449
"2018-06-26_gps4_acc4_flight2","2018-06-26 12:46:56","2018-06-26 12:52:22",327,0.672782874617737,0.110091743119266,"VF","gps4_flight2","2018-06-26",2,"4","HERCULE","4","LegLoop","gps4_acc4","treatment","AXY",437.19862868,80.1102184059,55.81245697,49.26751595249,0.126762883799664,3.16907210710398
"2018-06-26_gps4_acc4_flight3","2018-06-26 14:24:33","2018-06-26 14:59:43",2110.75999999,0.555136538495874,0.102332809036093,"VF","gps4_flight3","2018-06-26",3,"4","HERCULE","4","LegLoop","gps4_acc4","treatment","AXY",3597.768290958,464.4659948036,323.7485352122,285.83271244284,0.106552239074671,2.66380597374211
"2018-06-26_gps5_acc5_flight1","2018-06-26 11:22:32","2018-06-26 11:37:06",875,0.731428571428571,0.0674285714285714,"VF","gps5_flight1","2018-06-26",1,"5","HENRI","5","Backpack","gps5_acc5","treatment","AGM",9462.1968137,218.721671172,157.020518274,115.417534232,0.0993965279485714,2.48491319862857
"2018-06-26_gps5_acc5_flight2","2018-06-26 12:49:01","2018-06-26 13:07:42",1122,0.623885918003565,0.153297682709447,"VF","gps5_flight2","2018-06-26",2,"5","HENRI","5","Backpack","gps5_acc5","treatment","AGM",8502.130191241,352.924024123,247.9533219277,226.0729603494,0.152987158981283,3.82467897220143
"2018-06-26_gps5_acc5_flight3","2018-06-26 14:23:33","2018-06-26 14:38:01",869,0.553509781357883,0.0046029919447641,"VF","gps5_flight3","2018-06-26",3,"5","HENRI","5","Backpack","gps5_acc5","treatment","AGM",9655.5167762,154.908855889,112.819907472,68.668792979,0.061765908447641,1.54414770930955
"2018-06-26_gps6_acc6_flight1","2018-06-26 11:19:19","2018-06-26 11:39:49",1231,0.727051177904143,0.0999187652315191,"VH","gps6_flight1","2018-06-26",1,"6","GAELLE","6","LegLoop","gps6_acc6","treatment","AGM",14796.0369948,334.594728473,226.883632937,174.320419402,0.105697260675061,2.64243151632819
"2018-06-26_gps6_acc6_flight2","2018-06-26 12:45:15","2018-06-26 13:07:09",1315,0.63574144486692,0.00152091254752852,"VH","gps6_flight2","2018-06-26",2,"6","GAELLE","6","LegLoop","gps6_acc6","treatment","AGM",17034.6179989,215.763407027,144.602428911,87.505211195,0.0527992704768061,1.31998176172624
"2018-06-26_gps6_acc6_flight3","2018-06-26 14:21:31","2018-06-26 14:36:49",919,0.889009793253536,0.00544069640914037,"VH","gps6_flight3","2018-06-26",3,"6","GAELLE","6","LegLoop","gps6_acc6","treatment","AGM",10873.4685701,179.010089605,119.739496861,75.313164905,0.0660479602154516,1.65119900454842
"2018-06-26_gpsG_accG_flight1","2018-06-26 11:22:44","2018-06-26 11:46:26",1423,0.468025298664793,0.164441321152495,"VF","gpsG_flight1","2018-06-26",1,"G","GREGOIRE","G","Tail","gpsG_accG","treatment","Axytreck",19892.8988006,989.85893738,701.07237212,647.5072331,0.442055027973999,11.0513757140548
"2018-06-26_gpsG_accG_flight2","2018-06-26 12:49:16","2018-06-26 13:14:37",1522,0.687910643889619,0.161629434954008,"VF","gpsG_flight2","2018-06-26",2,"G","GREGOIRE","G","Tail","gpsG_accG","treatment","Axytreck",21297.42693429,1065.91293059,718.20129878,670.504504157,0.452789503467621,11.3197375933197
"2018-06-26_gpsG_accG_flight3","2018-06-26 14:23:44","2018-06-26 14:43:08",1165,0.678111587982833,0.0257510729613734,"VF","gpsG_flight3","2018-06-26",3,"G","GREGOIRE","G","Tail","gpsG_accG","treatment","Axytreck",16365.66262474,798.42471186,538.49903662,504.230004128,0.429636977823176,10.7409244428326
"2018-06-26_gpsH_accH_flight1","2018-06-26 11:20:38","2018-06-26 11:30:05",568,0.73943661971831,0.100352112676056,"CONDOR","gpsH_flight1","2018-06-26",1,"H","KUZCO","H","Tail","gpsH_accH","treatment","Axytreck",6773.7417962,565.58974127,386.54281245,281.16661977,0.446300302003521,11.1575075503521
"2018-06-26_gpsH_accH_flight2","2018-06-26 12:46:00","2018-06-26 13:02:12",973,0.653648509763618,0.0801644398766701,"CONDOR","gpsH_flight2","2018-06-26",2,"H","KUZCO","H","Tail","gpsH_accH","treatment","Axytreck",11923.9861315,872.84549636,595.8890952,446.673786711,0.42012512191778,10.5031280375128
"2018-06-26_gpsI_accI_flight1","2018-06-26 11:20:53","2018-06-26 11:36:22",930,0.660215053763441,0.23010752688172,"VF","gpsI_flight1","2018-06-26",1,"I","HERCULE","I","Tail","gpsI_accI","treatment","Axytreck",10091.84917375,1266.453249265,869.381668601,822.971241736,0.894865579772043,22.3716395097849
"2018-06-26_gpsI_accI_flight2","2018-06-26 12:48:30","2018-06-26 12:52:27",238,0.0504201680672269,0.130252100840336,"VF","gpsI_flight2","2018-06-26",2,"I","HERCULE","I","Tail","gpsI_accI","treatment","Axytreck",233.90477245,197.958708266,135.357918585,123.502366765,0.49333106465126,12.3332766448319
"2018-06-26_gpsI_accI_flight3","2018-06-26 14:24:35","2018-06-26 14:59:45",2111,0.0720037896731407,0.0824253908100426,"VF","gpsI_flight3","2018-06-26",3,"I","HERCULE","I","Tail","gpsI_accI","treatment","Axytreck",2844.76964539,1142.600241835,772.398741926,726.492231666,0.318070534927996,7.95176338766935
"2018-06-26_gpsJ_accJ_flight1","2018-06-26 11:19:45","2018-06-26 11:40:04",1220,0.84344262295082,0.105737704918033,"VF","gpsJ_flight1","2018-06-26",1,"J","LEON","J","Tail","gpsJ_accJ","treatment","Axytreck",12915.27622355,1093.923605195,742.921167698,693.310886951,0.544968464995082,13.6242116312213
"2018-06-26_gpsJ_accJ_flight2","2018-06-26 12:46:05","2018-06-26 13:12:43",1599,0.592245153220763,0.115697310819262,"VF","gpsJ_flight2","2018-06-26",2,"J","LEON","J","Tail","gpsJ_accJ","treatment","Axytreck",21379.7575849,1040.49650547,701.31982496,640.098421607,0.407547771757143,10.1886942813636
"2018-06-26_gpsJ_accJ_flight3","2018-06-26 14:21:40","2018-06-26 14:38:23",1004,0.839641434262948,0.0926294820717131,"VF","gpsJ_flight3","2018-06-26",3,"J","LEON","J","Tail","gpsJ_accJ","treatment","Axytreck",12293.30067756,934.038900714,631.888420737,589.252306258,0.577124276174395,14.4281068934677
"2018-06-27_gps13_acc7_flight1","2018-06-27 11:25:47","2018-06-27 11:45:17",1171,0.64730999146029,0.00085397096498719,"VH","gps13_flight1","2018-06-27",1,"13","GAELLE","7","LegLoop","gps13_acc7","treatment","AGM",16031.5525756,230.349788137,150.70886168,93.911431823,0.0663010750170794,1.65752687512383
"2018-06-27_gps13_acc7_flight2","2018-06-27 12:55:28","2018-06-27 13:19:28",1441,0.692574600971548,0.00138792505204719,"VH","gps13_flight2","2018-06-27",2,"13","GAELLE","7","LegLoop","gps13_acc7","treatment","AGM",19210.9369555,245.866359709,157.848746672,96.97102298,0.0526905006821652,1.3172625176891
"2018-06-27_gps13_acc7_flight3","2018-06-27 14:25:42","2018-06-27 14:52:36",1615,0.45077399380805,0.00247678018575851,"VH","gps13_flight3","2018-06-27",3,"13","GAELLE","7","LegLoop","gps13_acc7","treatment","AGM",22743.57739,271.030814215,174.827369826,105.696311263,0.0517450360631579,1.2936259004644
"2018-06-27_gps14_acc2_flight2","2018-06-27 12:51:52","2018-06-27 13:05:59",848,0.767688679245283,0.102594339622642,"CONDOR","gps14_flight2","2018-06-27",2,"14","KUZCO","2","Backpack","gps14_acc2","treatment","AXY",7601.854579196,299.688384714,206.67712424,170.695802604,0.160878337557783,4.02195844186321
"2018-06-27_gps3_acc3_flight1","2018-06-27 11:24:35","2018-06-27 11:40:25",951,0.609884332281809,0,"VF","gps3_flight1","2018-06-27",1,"3","HENRI","3","Backpack","gps3_acc3","treatment","AXY",11303.9171063,171.053626008,124.035727245,79.797526677,0.070704332785489,1.76760831942166
"2018-06-27_gps3_acc3_flight2","2018-06-27 12:52:51","2018-06-27 13:06:06",796,0.724874371859296,0.0778894472361809,"VF","gps3_flight2","2018-06-27",2,"3","HENRI","3","Backpack","gps3_acc3","treatment","AXY",7622.601980457,200.91683115297,146.06223330294,114.9144969156,0.111544483323744,2.78861208502513
"2018-06-27_gps3_acc3_flight3","2018-06-27 14:22:10","2018-06-27 14:32:19",610,0.627868852459016,0.144262295081967,"VF","gps3_flight3","2018-06-27",3,"3","HENRI","3","Backpack","gps3_acc3","treatment","AXY",7019.2310368,195.191916911,141.486589315,123.163962858,0.150236583936066,3.75591459904918
"2018-06-27_gps4_acc4_flight1","2018-06-27 11:25:12","2018-06-27 11:50:56",1545,0.503559870550162,0.00129449838187702,"VF","gps4_flight1","2018-06-27",1,"4","GREGOIRE","4","LegLoop","gps4_acc4","treatment","AXY",21514.5906739,320.070571528,229.171196685,151.47658905,0.0833095636718447,2.0827390918123
"2018-06-27_gps4_acc4_flight2","2018-06-27 12:53:12","2018-06-27 13:20:02",1611,0.67163252638113,0.00806952203600248,"VF","gps4_flight2","2018-06-27",2,"4","GREGOIRE","4","LegLoop","gps4_acc4","treatment","AXY",22761.59589653,342.942779286,242.2724637,154.217988917,0.0779097798777157,1.94774449641217
"2018-06-27_gps4_acc4_flight3","2018-06-27 14:22:14","2018-06-27 14:43:19",1266,0.628751974723539,0.0229067930489731,"VF","gps4_flight3","2018-06-27",3,"4","GREGOIRE","4","LegLoop","gps4_acc4","treatment","AXY",17277.2203089,255.302197503,180.669951148,123.180797317,0.0776804958056872,1.94201239510269
"2018-06-27_gps5_acc5_flight1","2018-06-27 11:26:23","2018-06-27 11:55:54",1772,0.600451467268623,0.0214446952595937,"VR","gps5_flight1","2018-06-27",1,"5","KIRIKOU","5","Backpack","gps5_acc5","treatment","AGM",20455.83540594,377.576026713,258.182700468,172.2518343214,0.0791163294670993,1.97790823435666
"2018-06-27_gps5_acc5_flight2","2018-06-27 12:57:24","2018-06-27 13:08:41",678,0.817109144542773,0.0176991150442478,"VR","gps5_flight2","2018-06-27",2,"5","KIRIKOU","5","Backpack","gps5_acc5","treatment","AGM",7101.122571197,156.280547605,107.102191146,69.644559007,0.0838106854327434,2.09526713441003
"2018-06-27_gps5_acc5_flight3","2018-06-27 14:25:30","2018-06-27 14:32:13",404,0.596534653465347,0.051980198019802,"VR","gps5_flight3","2018-06-27",3,"5","KIRIKOU","5","Backpack","gps5_acc5","treatment","AGM",4257.92328356,94.281821962,64.977943409,50.522552926,0.100859359680693,2.52148398576733
"2018-06-27_gps6_acc6_flight1","2018-06-27 11:24:21","2018-06-27 12:01:24",2224,0.632194244604317,0,"VH","gps6_flight1","2018-06-27",1,"6","GISELE","6","Backpack","gps6_acc6","treatment","AGM",26940.0770634,380.146586417,270.53258388,171.511588047,0.0615562045813849,1.53890511530576
"2018-06-27_gps6_acc6_flight2","2018-06-27 12:52:53","2018-06-27 13:24:29",1897,0.725355824986821,0.0822351080653664,"VH","gps6_flight2","2018-06-27",2,"6","GISELE","6","Backpack","gps6_acc6","treatment","AGM",20406.41790002,554.296894564,384.446042876,298.7979555671,0.124088068613231,3.10220171566157
"2018-06-27_gps6_acc6_flight3","2018-06-27 14:23:05","2018-06-27 14:53:59",1855,0.503504043126685,0.0415094339622641,"VH","gps6_flight3","2018-06-27",3,"6","GISELE","6","Backpack","gps6_acc6","treatment","AGM",24878.3788936,370.264587417,259.062563077,189.582202743,0.0793556785304582,1.9838919650027
"2018-06-27_gpsA_acc1_flight1","2018-06-27 11:38:59","2018-06-27 12:06:05",1627,0.738783036263061,0.0964966195451752,"PYG","gpsA_flight1","2018-06-27",1,"A","DAKOTA","1","LegLoop","gpsA_acc1","treatment","AXY",19122.5948712,650.455578797,455.410736788,288.610902388,0.136836120356484,3.42090300671174
"2018-06-27_gpsZ_accZ_flight1","2018-06-27 11:16:28","2018-06-27 11:35:39",1152,0.419270833333333,0.0199652777777778,"BK","gpsZ_flight1","2018-06-27",1,"Z","KLEA","Z","LegLoop","gpsZ_accZ","treatment","Axytreck",11390.02934378,435.162378355,313.642399604,178.009470822,0.116691124460938,5.83455622743056
"2018-06-28_gps13_acc7_flight1","2018-06-28 11:23:07","2018-06-28 11:55:47",1961,0.535951045385008,0,"VH","gps13_flight1","2018-06-28",1,"13","GISELE","7","LegLoop","gps13_acc7","treatment","AGM",25401.20829,424.920144941,277.540291823,163.418281428,0.060349529300357,1.50873823210607
"2018-06-28_gps13_acc7_flight2","2018-06-28 12:53:22","2018-06-28 13:27:26",2045,0.594621026894866,0.000488997555012225,"VH","gps13_flight2","2018-06-28",2,"13","GISELE","7","LegLoop","gps13_acc7","treatment","AGM",24194.02147247,427.233694033,277.872947429,164.871632696,0.0583393117232274,1.45848279235208
"2018-06-28_gps13_acc7_flight3","2018-06-28 14:23:13","2018-06-28 14:55:03",1911,0.499215070643642,0.00784929356357928,"VH","gps13_flight3","2018-06-28",3,"13","GISELE","7","LegLoop","gps13_acc7","treatment","AGM",25827.3728784,375.948084737,244.615511641,147.369083864,0.0556696581052852,1.39174145395604
"2018-06-28_gps14_acc2_flight1","2018-06-28 11:23:56","2018-06-28 11:55:32",1897,0.671586715867159,0.00421718502899315,"VR","gps14_flight1","2018-06-28",1,"14","KIRIKOU","2","Backpack","gps14_acc2","treatment","AXY",24062.461729,399.681132424,283.799818344,184.938709924,0.0816677820100158,2.04169455113864
"2018-06-28_gps14_acc2_flight2","2018-06-28 12:49:42","2018-06-28 13:14:03",1462,0.663474692202462,0.0266757865937072,"VR","gps14_flight2","2018-06-28",2,"14","KIRIKOU","2","Backpack","gps14_acc2","treatment","AXY",16477.85192992,360.022052007,256.038086596,173.580672661,0.0972788209699042,2.43197052371409
"2018-06-28_gps14_acc2_flight3","2018-06-28 14:20:33","2018-06-28 14:56:23",2151,0.867503486750349,0.0153417015341702,"VR","gps14_flight3","2018-06-28",3,"14","KIRIKOU","2","Backpack","gps14_acc2","treatment","AXY",27052.54299919,444.854581793,316.840099672,223.134199619,0.0857146711459786,2.14286677915853
"2018-06-28_gps3_acc3_flight1","2018-06-28 11:23:25","2018-06-28 11:50:55",1651,0.579043004239855,0.00969109630526953,"VF","gps3_flight1","2018-06-28",1,"3","GREGOIRE","3","LegLoop","gps3_acc3","treatment","AXY",24208.8135935,387.038181702,275.194921336,185.420053119,0.0956266761417323,2.3906669053301
"2018-06-28_gps3_acc3_flight2","2018-06-28 12:52:40","2018-06-28 13:14:45",1326,0.577677224736048,0.0113122171945701,"VF","gps3_flight2","2018-06-28",2,"3","GREGOIRE","3","LegLoop","gps3_acc3","treatment","AXY",17126.5471073,293.258212902,208.445601938,137.204631908,0.0861897705392157,2.15474426475113
"2018-06-28_gps4_acc4_flight3","2018-06-28 14:22:11","2018-06-28 14:44:34",1343.75999999,0.724653211881025,0.119068881348746,"RAV","gps4_flight3","2018-06-28",3,"4","MANU","4","Backpack","gps4_acc4","treatment","AXY",9747.780298933,457.2452361826,335.1926871125,283.23166676298,0.183229308336004,4.58073270556771
"2018-06-28_gps5_acc5_flight1","2018-06-28 11:28:46","2018-06-28 11:37:18",513,0.623781676413255,0.0116959064327485,"CONDOR","gps5_flight1","2018-06-28",1,"5","KUZCO","5","Backpack","gps5_acc5","treatment","AGM",6115.2917512,139.404996596,101.156655564,56.982662205,0.0844169400584795,2.11042349690058
"2018-06-28_gps5_acc5_flight2","2018-06-28 12:57:08","2018-06-28 13:24:30",1643,0.609251369446135,0.0310407790626902,"CONDOR","gps5_flight2","2018-06-28",2,"5","KUZCO","5","Backpack","gps5_acc5","treatment","AGM",9084.293016761,311.623969464,218.5459687453,149.8782793129,0.0704697260348144,1.76174315543031
"2018-06-28_gps6_acc6_flight1","2018-06-28 11:23:06","2018-06-28 11:42:48",1183,0.458157227387997,0,"VF","gps6_flight1","2018-06-28",1,"6","HENRI","6","LegLoop","gps6_acc6","treatment","AGM",14053.2591178,205.165592756,148.924451978,85.310601392,0.053627297016568,1.34068242642434
"2018-06-28_gps6_acc6_flight2","2018-06-28 12:52:47","2018-06-28 13:02:24",578,0.679930795847751,0.00173010380622837,"VF","gps6_flight2","2018-06-28",2,"6","HENRI","6","LegLoop","gps6_acc6","treatment","AGM",6426.9464654,117.676511805,85.421614412,47.45646497,0.0632719677595156,1.58179919404844
"2018-06-28_gps6_acc6_flight3","2018-06-28 14:22:55","2018-06-28 14:48:29",1535,0.53485342019544,0.00260586319218241,"VF","gps6_flight3","2018-06-28",3,"6","HENRI","6","LegLoop","gps6_acc6","treatment","AGM",21462.00735044,239.558895721,174.016298783,103.984479778,0.0503857220459935,1.25964305072313
"2018-06-28_gpsG_accG_flight1","2018-06-28 11:24:25","2018-06-28 11:51:39",1635,0.53394495412844,0.234862385321101,"VH","gpsG_flight1","2018-06-28",1,"G","GAELLE","G","Tail","gpsG_accG","treatment","Axytreck",22816.5887624,2128.35936954,1423.81880622,1346.01776614,0.80994247595107,20.2485619077676
"2018-06-28_gpsG_accG_flight2","2018-06-28 12:49:53","2018-06-28 13:10:29",1237,0.521422797089733,0.295068714632175,"VH","gpsG_flight2","2018-06-28",2,"G","GAELLE","G","Tail","gpsG_accG","treatment","Axytreck",14787.2565519,1693.34277844,1142.11007976,1014.36483894,0.80190876894907,20.0477192166532
"2018-06-28_gpsG_accG_flight3","2018-06-28 14:19:44","2018-06-28 14:52:35",1972,0.519776876267748,0.241379310344828,"VH","gpsG_flight3","2018-06-28",3,"G","GAELLE","G","Tail","gpsG_accG","treatment","Axytreck",27701.9394746,2500.69405231,1686.88635367,1561.10714076,0.790729093372211,19.7682273190162
"2018-06-28_gpsZ_accZ_flight1","2018-06-28 11:15:10","2018-06-28 11:44:14",1745,0.659025787965616,0.0739255014326648,"BK","gpsZ_flight1","2018-06-28",1,"Z","KLEA","Z","LegLoop","gpsZ_accZ","treatment","Axytreck",15744.69464926,768.844225247,548.630480318,341.3522995778,0.154619052698451,7.73095263395869
"2018-06-29_gps13_acc7_flight2","2018-06-29 12:55:26","2018-06-29 13:22:20",1615,0.624148606811145,0.121981424148607,"VH","gps13_flight2","2018-06-29",2,"13","GAELLE","7","Backpack","gps13_acc7","treatment","AGM",4728.601032798,367.938474418,250.3053003166,234.519391355,0.115334736314737,2.88336840475542
"2018-06-29_gps13_acc7_flight3","2018-06-29 14:26:57","2018-06-29 14:38:25",689,0.828737300435414,0.101596516690856,"VH","gps13_flight3","2018-06-29",3,"13","GAELLE","7","Backpack","gps13_acc7","treatment","AGM",7098.4122363,175.521100049,119.096033475,97.330374948,0.111205803670537,2.78014508795356
"2018-06-29_gps14_acc2_flight1","2018-06-29 11:20:02","2018-06-29 11:39:18",1157,0.800345721694036,0.0242005185825411,"VF","gps14_flight1","2018-06-29",1,"14","LEON","2","LegLoop","gps14_acc2","treatment","AXY",14904.34394624,276.318545659,184.712914334,111.524675392,0.0759034704191876,1.8975867627312
"2018-06-29_gps14_acc2_flight2","2018-06-29 12:52:49","2018-06-29 12:57:45",297,0.35016835016835,0.121212121212121,"VF","gps14_flight2","2018-06-29",2,"14","LEON","2","LegLoop","gps14_acc2","treatment","AXY",430.236860732,94.6759790659,65.7450643119,60.2284412681,0.167934318217508,4.19835795249158
"2018-06-29_gps14_acc2_flight3","2018-06-29 14:24:21","2018-06-29 14:30:12",352,0.295454545454545,0.289772727272727,"VF","gps14_flight3","2018-06-29",3,"14","LEON","2","LegLoop","gps14_acc2","treatment","AXY",2629.493078411,150.09553752,106.044297602,104.048182093,0.220267366639205,5.50668417025568
"2018-06-29_gps3_acc3_flight1","2018-06-29 11:17:18","2018-06-29 11:41:57",1480,0.625675675675676,0.000675675675675676,"VF","gps3_flight1","2018-06-29",1,"3","HENRI","3","LegLoop","gps3_acc3","treatment","AXY",18195.3932261,238.018478106,163.973775061,96.059003231,0.0494823901439189,1.23705975237162
"2018-06-29_gps3_acc3_flight2","2018-06-29 12:49:53","2018-06-29 13:31:18",2486,0.50402252614642,0.109412711182623,"VF","gps3_flight2","2018-06-29",2,"3","HENRI","3","LegLoop","gps3_acc3","treatment","AXY",7190.224562191,409.587912185192,297.219669462132,287.59543044152,0.0843491445773411,2.10872861134127
"2018-06-29_gps3_acc3_flight3","2018-06-29 14:24:15","2018-06-29 14:38:21",847,0.926800472255018,0.050767414403778,"VF","gps3_flight3","2018-06-29",3,"3","HENRI","3","LegLoop","gps3_acc3","treatment","AXY",8825.2050858,167.256135024,115.62953301,80.615064631,0.0702511602609209,1.75627900557261
"2018-06-29_gps4_acc4_flight1","2018-06-29 11:17:19","2018-06-29 11:49:37",1939,0.607013924703455,0.00206291903042806,"VH","gps4_flight1","2018-06-29",1,"4","GISELE","4","LegLoop","gps4_acc4","treatment","AXY",23151.8129227,340.927532394,232.703494016,133.983382489,0.0507489128122744,1.26872281942754
"2018-06-29_gps4_acc4_flight2","2018-06-29 12:54:55","2018-06-29 14:02:00",4026,0.53725782414307,0.0834575260804769,"VH","gps4_flight2","2018-06-29",2,"4","GISELE","4","LegLoop","gps4_acc4","treatment","AXY",9366.472783063,582.619381565343,420.933273338963,383.77738807937,0.0694204692456557,1.73551173046592
"2018-06-29_gps4_acc4_flight3","2018-06-29 14:27:35","2018-06-29 15:02:44",2110,0.863862559241706,0.0417061611374408,"VH","gps4_flight3","2018-06-29",3,"4","GISELE","4","LegLoop","gps4_acc4","treatment","AXY",14768.985020499,332.94802596086,233.46954689841,162.79888941864,0.057193145831019,1.42982864694616
"2018-06-29_gps5_acc5_flight1","2018-06-29 11:17:33","2018-06-29 11:42:03",1471,0.624745071380014,0.00339904826648538,"VF","gps5_flight1","2018-06-29",1,"5","GREGOIRE","5","Backpack","gps5_acc5","treatment","AGM",21727.91965412,239.488791174,171.702013184,110.608768499,0.0617335604799456,1.54333900991842
"2018-06-29_gps5_acc5_flight2","2018-06-29 12:49:54","2018-06-29 13:48:49",3536,0.597002262443439,0.0709841628959276,"VF","gps5_flight2","2018-06-29",2,"5","GREGOIRE","5","Backpack","gps5_acc5","treatment","AGM",6899.523879789,530.1238579185,367.1135706659,356.9316688369,0.0801901564593891,2.00475391072851
"2018-06-29_gps5_acc5_flight3","2018-06-29 14:57:01","2018-06-29 15:03:10",370,0.943243243243243,0.0324324324324324,"VF","gps5_flight3","2018-06-29",3,"5","GREGOIRE","5","Backpack","gps5_acc5","treatment","AGM",4166.7621116,70.417027924,49.184615628,33.025072232,0.0707876086756757,1.76969021386486
"2018-06-29_gps6_acc6_flight1","2018-06-29 11:20:06","2018-06-29 11:24:42",277,0.945848375451264,0.0036101083032491,"VR","gps6_flight1","2018-06-29",1,"6","KIRIKOU","6","LegLoop","gps6_acc6","treatment","AGM",2820.9305535,61.257975349,43.000174153,23.895138816,0.0698931561624549,1.74732890397112
"2018-06-29_gps6_acc6_flight2","2018-06-29 12:52:47","2018-06-29 13:59:52",4026,0.600099354197715,0.0981122702434178,"VR","gps6_flight2","2018-06-29",2,"6","KIRIKOU","6","LegLoop","gps6_acc6","treatment","AGM",9568.795304966,819.214076291,552.3126607559,530.1577103161,0.10662209016083,2.66555225598286
"2018-06-29_gps6_acc6_flight3","2018-06-29 14:26:52","2018-06-29 14:38:28",697,0.850789096126255,0.0631276901004304,"VR","gps6_flight3","2018-06-29",3,"6","KIRIKOU","6","LegLoop","gps6_acc6","treatment","AGM",7011.2291524,154.325851593,106.573875478,79.431853557,0.0869683750530846,2.1742093748637
"2018-06-29_gpsH_accH_flight2","2018-06-29 12:59:14","2018-06-29 13:34:15",2102,0.676022835394862,0.104662226450999,"RAV","gpsH_flight2","2018-06-29",2,"H","KHAN","H","Tail","gpsH_accH","treatment","Axytreck",5570.5054133,1017.048700005,687.6202587898,640.1020832282,0.283992653625642,7.09981633655566
"2018-06-29_gpsI_accI_flight1","2018-06-29 11:27:32","2018-06-29 11:30:40",189,0.883597883597884,0.111111111111111,"PYG","gpsI_flight1","2018-06-29",1,"I","DAKOTA","I","Tail","gpsI_accI","treatment","Axytreck",1820.6277899,126.69978456,84.2809684,67.58163836,0.32948700021164,8.23717498465608
"2018-06-30_gps13_acc7_flight1","2018-06-30 11:21:00","2018-06-30 11:46:00",1501,0.760826115922718,0.0206528980679547,"VF","gps13_flight1","2018-06-30",1,"13","GREGOIRE","7","Backpack","gps13_acc7","treatment","AGM",18750.2693698,320.796235084,224.988600215,156.217428996,0.0840090756755496,2.100372267495
"2018-06-30_gps13_acc7_flight2","2018-06-30 12:49:36","2018-06-30 13:13:12",1417,0.323923782639379,0.0959774170783345,"VF","gps13_flight2","2018-06-30",2,"13","GREGOIRE","7","Backpack","gps13_acc7","treatment","AGM",8174.363332612,403.464643206,272.925993036,238.4766803025,0.131846127772548,3.2962836553705
"2018-06-30_gps13_acc7_flight3","2018-06-30 14:21:20","2018-06-30 14:49:31",1692,0.593971631205674,0.0041371158392435,"VF","gps13_flight3","2018-06-30",3,"13","GREGOIRE","7","Backpack","gps13_acc7","treatment","AGM",26839.29786432,290.442830068,206.704133984,139.499829051,0.0676218671749409,1.69067138931442
"2018-06-30_gps14_acc2_flight1","2018-06-30 11:20:21","2018-06-30 11:26:31",371,0.8544474393531,0.0242587601078167,"CONDOR","gps14_flight1","2018-06-30",1,"14","KUZCO","2","Backpack","gps14_acc2","treatment","AXY",4169.3893831,86.394518898,62.289912867,40.196349621,0.0857411871590296,2.14371425630728
"2018-06-30_gps14_acc2_flight2","2018-06-30 12:45:47","2018-06-30 13:12:17",1591,0.912633563796355,0.0810810810810811,"CONDOR","gps14_flight2","2018-06-30",2,"14","KUZCO","2","Backpack","gps14_acc2","treatment","AXY",7511.868071431,435.4403636451,304.0566975969,242.1116862991,0.122081170760025,3.05216983058642
"2018-06-30_gps3_acc3_flight1","2018-06-30 11:17:42","2018-06-30 11:42:02",1461,0.654346338124572,0.00205338809034908,"VH","gps3_flight1","2018-06-30",1,"3","GAELLE","3","Backpack","gps3_acc3","treatment","AXY",17835.6492398,231.851508487,168.764992787,110.864771959,0.0633944454839151,1.58499117727584
"2018-06-30_gps3_acc3_flight2","2018-06-30 12:46:25","2018-06-30 12:59:47",803,0.510585305105853,0.099626400996264,"VH","gps3_flight2","2018-06-30",2,"3","GAELLE","3","Backpack","gps3_acc3","treatment","AXY",9147.9463287,240.286086592,174.337604723,135.342621858,0.132094679420922,3.30250988009963
"2018-06-30_gps3_acc3_flight3","2018-06-30 14:19:15","2018-06-30 14:41:28",1334,0.73688155922039,0.0322338830584708,"VH","gps3_flight3","2018-06-30",3,"3","GAELLE","3","Backpack","gps3_acc3","treatment","AXY",18567.1458182,285.57861592,205.806451389,152.515581322,0.0928282712151424,2.32099684541229
"2018-06-30_gps4_acc4_flight1","2018-06-30 11:18:07","2018-06-30 11:28:34",628,0.707006369426752,0.152866242038217,"VF","gps4_flight1","2018-06-30",1,"4","LEON","4","Backpack","gps4_acc4","treatment","AXY",5360.6218389,292.29279331,204.8265384354,180.7643167057,0.233023215413121,5.82573731587357
"2018-06-30_gps5_acc5_flight1","2018-06-30 11:16:38","2018-06-30 11:46:02",1765,0.677053824362606,0.00453257790368272,"VR","gps5_flight1","2018-06-30",1,"5","KIRIKOU","5","LegLoop","gps5_acc5","treatment","AGM",21667.930288357,315.625390793,227.424557064,134.1747358619,0.0591669433882153,1.47929540751275
"2018-06-30_gps5_acc5_flight2","2018-06-30 12:45:45","2018-06-30 12:59:37",833,0.651860744297719,0.141656662665066,"VR","gps5_flight2","2018-06-30",2,"5","KIRIKOU","5","LegLoop","gps5_acc5","treatment","AGM",8943.50058377,316.438866219,221.927678603,180.5612861366,0.168237597681753,4.20618433662665
"2018-06-30_gps5_acc5_flight3","2018-06-30 14:19:44","2018-06-30 14:49:31",1788,0.697986577181208,0.029082774049217,"VR","gps5_flight3","2018-06-30",3,"5","KIRIKOU","5","LegLoop","gps5_acc5","treatment","AGM",24994.6221521,363.186824684,259.33789894,174.73192025,0.0748287678954139,1.87087080776286
"2018-06-30_gps6_acc6_flight1","2018-06-30 11:20:42","2018-06-30 12:18:07",3446,0.721416134648868,0.00986651189785258,"VH","gps6_flight1","2018-06-30",1,"6","GISELE","6","LegLoop","gps6_acc6","treatment","AGM",39800.7918782,688.7198295,476.608714537,281.728150434,0.058497186116599,1.46255285642194
"2018-06-30_gps6_acc6_flight2","2018-06-30 12:49:10","2018-06-30 13:30:37",2488,0.652733118971061,0.00401929260450161,"VH","gps6_flight2","2018-06-30",2,"6","GISELE","6","LegLoop","gps6_acc6","treatment","AGM",29263.0995324,520.188282575,358.49237733,207.895812865,0.0607812655707395,1.51968262758039
"2018-06-30_gps6_acc6_flight3","2018-06-30 14:21:03","2018-06-30 14:42:29",1287,0.616938616938617,0.00699300699300699,"VH","gps6_flight3","2018-06-30",3,"6","GISELE","6","LegLoop","gps6_acc6","treatment","AGM",16629.4245872,241.277652599,165.393492236,98.528345577,0.055688532020202,1.39230236800311
"2018-06-30_gpsB_acc1_flight2","2018-06-30 12:49:38","2018-06-30 13:22:54",1997,0.0275413119679519,0.0951427140711067,"RAV","gpsB_flight2","2018-06-30",2,"B","MANU","1","LegLoop","gpsB_acc1","treatment","AXY",3437.416625948,439.39877525251,308.39248466611,276.12344995002,0.110812032075323,2.77075186635023
"2018-06-30_gpsG_accG_flight1","2018-06-30 11:10:40","2018-06-30 11:26:26",947,0.508975712777191,0.0242872228088701,"BK","gpsG_flight1","2018-06-30",1,"G","KLEA","G","Backpack","gpsG_accG","treatment","Axytreck",7777.11813972,406.387600266,256.060395063,159.187845642,0.142979712746568,3.57575476910243
"2018-06-30_gpsG_accG_flight2","2018-06-30 12:41:03","2018-06-30 13:03:38",1356,0.483038348082596,0.053834808259587,"BK","gpsG_flight2","2018-06-30",2,"G","KLEA","G","Backpack","gpsG_accG","treatment","Axytreck",9945.43000558,758.193792027,471.125652468,312.501003088,0.202253469235251,5.05670880612832
"2018-06-30_gpsH_accH_flight1","2018-06-30 11:28:54","2018-06-30 11:40:14",681,0.738619676945668,0.0558002936857562,"PYG","gpsH_flight1","2018-06-30",1,"H","LAFAYETTE","H","Tail","gpsH_accH","treatment","Axytreck",5055.5641701,731.794539953,488.467436427,425.790139668,0.574307240314244,14.3611038451542
"2018-06-30_gpsH_accH_flight2","2018-06-30 12:58:25","2018-06-30 13:45:50",2846,0.518973998594519,0.334153197470134,"PYG","gpsH_flight2","2018-06-30",2,"H","DAGOBERT","H","Tail","gpsH_accH","treatment","Axytreck",7604.34618126,2202.7650036678,1480.1800151706,1367.8548749984,0.416042666359081,10.4022580718597
"2018-06-30_gpsI_accI_flight1","2018-06-30 11:18:35","2018-06-30 12:17:09",3515,0.593172119487909,0.0708392603129445,"RAV","gpsI_flight1","2018-06-30",1,"I","KHAN","I","Tail","gpsI_accI","treatment","Axytreck",36324.6674595,2411.24855792,1666.91641333,1438.0832011,0.370012382545092,9.25121630113798
"2018-06-30_gpsJ_accJ_flight1","2018-06-30 11:29:11","2018-06-30 11:37:44",514,0.807392996108949,0.0330739299610895,"PYG","gpsJ_flight1","2018-06-30",1,"J","DAKOTA","J","Tail","gpsJ_accJ","treatment","Axytreck",5510.29890982,434.904502092,281.874306354,240.936980152,0.449450122750973,11.241844494358
"2018-06-30_gpsJ_accJ_flight2","2018-06-30 12:59:15","2018-06-30 13:07:32",498,0.755020080321285,0.0301204819277108,"PYG","gpsJ_flight2","2018-06-30",2,"J","DAKOTA","J","Tail","gpsJ_accJ","treatment","Axytreck",5414.0718764,563.66338278,362.7089208,313.66897865,0.588646817148594,14.7166715829317
"2018-06-30_gpsJ_accJ_flight3","2018-06-30 14:29:29","2018-06-30 14:54:27",1499,0.350900600400267,0.0627084723148766,"PYG","gpsJ_flight3","2018-06-30",3,"J","RANTANPLAN","J","Tail","gpsJ_accJ","treatment","Axytreck",1943.43147713,764.837084289,511.955053165,459.300124454,0.29115685477739,7.2796229155478
"2018-07-01_gps13_acc7_flight2","2018-07-01 12:20:12","2018-07-01 12:28:49",517.76,0.793804079110012,0.1096260815822,"RAV","gps13_flight2","2018-07-01",2,"13","MANU","7","LegLoop","gps13_acc7","treatment","AGM",4650.6768887,195.852167827,136.594874032,109.926512437,0.175827358874517,4.39716864166023
"2018-07-01_gps3_acc3_flight1","2018-07-01 10:22:06","2018-07-01 10:24:10",125,0.288,0.256,"VF","gps3_flight1","2018-07-01",1,"3","HERCULE","3","LegLoop","gps3_acc3","control","AXY",191.18821333,55.3016192339,37.8454057678,35.1956933893,0.2329092305632,5.823857771728
"2018-07-01_gps3_acc3_flight2","2018-07-01 12:20:03","2018-07-01 12:28:44",522,0.940613026819923,0.0363984674329502,"VF","gps3_flight2","2018-07-01",2,"3","HERCULE","3","LegLoop","gps3_acc3","control","AXY",5995.981119,126.320661449,89.168483937,64.358707655,0.0945230371436782,2.36336389655172
"2018-07-01_gps3_acc3_flight3","2018-07-01 13:57:23","2018-07-01 14:02:41",319,0.504702194357367,0.109717868338558,"VF","gps3_flight3","2018-07-01",3,"3","HERCULE","3","LegLoop","gps3_acc3","control","AXY",3909.5203147,104.471351169,75.918772312,59.057035069,0.138649845357367,3.46641366316614
"2018-07-01_gps4_acc4_flight1","2018-07-01 10:22:06","2018-07-01 10:24:10",125,0.336,0.224,"VF","gps4_flight1","2018-07-01",1,"4","HERCULE","4","Backpack","gps4_acc4","control","AXY",187.01878688,54.8044816592,38.3620580799,35.0744812032,0.2205742671776,5.51548259224
"2018-07-01_gps4_acc4_flight2","2018-07-01 12:20:03","2018-07-01 12:28:44",521.75999999,0.932919349891385,0.0440815700713754,"VF","gps4_flight2","2018-07-01",2,"4","HERCULE","4","Backpack","gps4_acc4","control","AXY",5905.2068308,130.37113637,94.268420757,70.544327258,0.109717154193487,2.74331265340996
"2018-07-01_gps4_acc4_flight3","2018-07-01 13:57:23","2018-07-01 14:02:41",319,0.520376175548589,0.13166144200627,"VF","gps4_flight3","2018-07-01",3,"4","HERCULE","4","Backpack","gps4_acc4","control","AXY",3829.5781426,115.212555587,85.343909702,70.448406022,0.170517414677116,4.26311174730407
"2018-07-01_gps5_acc5_flight1","2018-07-01 10:19:04","2018-07-01 11:06:56",2873,0.626174730247128,0.0226244343891403,"VH","gps5_flight1","2018-07-01",1,"5","GISELE","5","LegLoop","gps5_acc5","treatment","AGM",32976.644635345,543.9521213589,373.8907837369,235.9705111369,0.0588460803912635,1.47128515964393
"2018-07-01_gps5_acc5_flight2","2018-07-01 12:19:39","2018-07-01 12:54:39",2101,0.586863398381723,0.002855782960495,"VH","gps5_flight2","2018-07-01",2,"5","GISELE","5","LegLoop","gps5_acc5","treatment","AGM",27740.8186588,369.684830658,250.901779438,149.906913974,0.051729394812851,1.29339549976202
"2018-07-01_gps5_acc5_flight3","2018-07-01 13:52:54","2018-07-01 14:15:48",1375,0.590545454545455,0.000727272727272727,"VH","gps5_flight3","2018-07-01",3,"5","GISELE","5","LegLoop","gps5_acc5","treatment","AGM",17659.2583837,244.396928819,165.660231939,94.258698755,0.0500952539243636,1.25252410256727
"2018-07-01_gps6_acc6_flight1","2018-07-01 10:19:01","2018-07-01 10:51:54",1974,0.480749746707194,0.0167173252279635,"VF","gps6_flight1","2018-07-01",1,"6","HENRI","6","LegLoop","gps6_acc6","treatment","AGM",24451.6374252,325.564120184,232.962783391,143.686878432,0.0528752709037487,1.32195416696049
"2018-07-01_gps6_acc6_flight2","2018-07-01 12:19:45","2018-07-01 12:25:49",365,0.63013698630137,0.0219178082191781,"VF","gps6_flight2","2018-07-01",2,"6","HENRI","6","LegLoop","gps6_acc6","treatment","AGM",3768.6758605,76.951722866,54.981982195,31.246011831,0.0643563880712329,1.60926389578082
"2018-07-01_gps6_acc6_flight3","2018-07-01 13:52:40","2018-07-01 14:08:18",939,0.708200212992545,0,"VF","gps6_flight3","2018-07-01",3,"6","HENRI","6","LegLoop","gps6_acc6","treatment","AGM",11424.3318618,146.697791607,104.335563226,59.441556129,0.0476358090074547,1.19094949971246
"2018-07-01_gpsB_acc1_flight1","2018-07-01 10:22:42","2018-07-01 10:26:41",240,0.625,0.00416666666666667,"CONDOR","gpsB_flight1","2018-07-01",1,"B","KUZCO","1","Backpack","gpsB_acc1","treatment","AXY",2676.1489096,50.354929122,36.888740791,21.829290056,0.0729086566625,1.822980599
"2018-07-01_gpsB_acc1_flight2","2018-07-01 12:19:53","2018-07-01 12:25:53",361,0.678670360110803,0.116343490304709,"CONDOR","gpsB_flight2","2018-07-01",2,"B","KUZCO","1","Backpack","gpsB_acc1","treatment","AXY",4097.3227262,121.267190141,89.9490391,72.359829911,0.157790852501385,3.94721347426593
"2018-07-01_gpsB_acc1_flight3","2018-07-01 13:57:18","2018-07-01 14:07:38",621,0.884057971014493,0.0660225442834139,"CONDOR","gpsB_flight3","2018-07-01",3,"B","KUZCO","1","Backpack","gpsB_acc1","treatment","AXY",7615.4067119,168.312335426,123.958520103,88.158565196,0.109475994742351,2.73716580766506
"2018-07-01_gpsG_accG_flight3","2018-07-01 13:55:14","2018-07-01 14:28:00",1967,0.642094560244026,0.00915099135739705,"RAV","gpsG_flight3","2018-07-01",3,"G","KHAN","G","Tail","gpsG_accG","treatment","Axytreck",22726.28421704,908.49107986,632.449746793,504.112445732,0.22328490475394,5.58276915165226
"2018-07-01_gpsI_accI_flight1","2018-07-01 10:31:51","2018-07-01 10:42:39",649,0.738058551617874,0.0708782742681048,"VOC","gpsI_flight1","2018-07-01",1,"I","SHARON","I","Tail","gpsI_accI","treatment","Axytreck",679.08089066,249.790576535,166.3662093204,157.2990692658,0.216897737748382,5.42249816904468
"2018-07-01_gpsI_accI_flight2","2018-07-01 12:30:55","2018-07-01 12:39:30",516,0.85077519379845,0.0910852713178295,"PYG","gpsI_flight2","2018-07-01",2,"I","DAGOBERT","I","Tail","gpsI_accI","treatment","Axytreck",6182.4052684,454.08928012,304.16384044,249.06566324,0.436702871434109,10.9181483449612
"2018-07-01_gpsI_accI_flight3","2018-07-01 14:06:34","2018-07-01 14:11:09",276,0.884057971014493,0.0688405797101449,"PYG","gpsI_flight3","2018-07-01",3,"I","DAGOBERT","I","Tail","gpsI_accI","treatment","Axytreck",3218.6809474,329.29741643,220.55789911,190.28864633,0.611873505398551,15.3012279644928
"2018-07-01_gpsJ_accJ_flight3","2018-07-01 13:45:19","2018-07-01 14:03:05",1067,0.655107778819119,0.0178069353327085,"BK","gpsJ_flight3","2018-07-01",3,"J","KLEA","J","Backpack","gpsJ_accJ","treatment","Axytreck",9396.14232114,405.566156652,260.285214218,165.674257633,0.136151287021556,3.40395590721649
