25/06/2018	09:29:00.00000	0.00	-0.19	0.94
25/06/2018	09:29:00.04000	0.00	-0.25	0.94
25/06/2018	09:29:00.08000	0.00	-0.25	0.94
25/06/2018	09:29:00.12000	0.00	-0.25	0.94
25/06/2018	09:29:00.16000	0.00	-0.25	0.94
25/06/2018	09:29:00.20000	0.00	-0.25	0.94
25/06/2018	09:29:00.24000	0.00	-0.25	0.94
25/06/2018	09:29:00.28000	0.00	-0.25	0.94
25/06/2018	09:29:00.32000	0.00	-0.25	0.94
25/06/2018	09:29:00.36000	0.00	-0.25	0.94
25/06/2018	09:29:00.40000	0.00	-0.25	0.94
25/06/2018	09:29:00.44000	0.00	-0.25	0.94
25/06/2018	09:29:00.48000	0.00	-0.25	0.94
25/06/2018	09:29:00.52000	0.00	-0.25	0.94
25/06/2018	09:29:00.56000	0.00	-0.25	0.94
25/06/2018	09:29:00.60000	0.00	-0.25	0.94
25/06/2018	09:29:00.64000	0.00	-0.25	0.94
25/06/2018	09:29:00.68000	0.00	-0.25	0.94
25/06/2018	09:29:00.72000	0.00	-0.25	0.94
25/06/2018	09:29:00.76000	0.00	-0.25	0.94
25/06/2018	09:29:00.80000	0.00	-0.25	0.94
25/06/2018	09:29:00.84000	0.00	-0.31	0.94
25/06/2018	09:29:00.88000	0.00	-0.31	0.94
25/06/2018	09:29:00.92000	0.00	-0.25	0.94
25/06/2018	09:29:00.96000	0.00	-0.25	0.94
25/06/2018	09:29:01.00000	0.00	-0.25	0.94
25/06/2018	09:29:01.04000	0.00	-0.25	0.94
25/06/2018	09:29:01.08000	0.00	-0.25	0.94
25/06/2018	09:29:01.12000	0.00	-0.25	0.94
25/06/2018	09:29:01.16000	0.00	-0.25	0.94
25/06/2018	09:29:01.20000	0.00	-0.25	0.94
25/06/2018	09:29:01.24000	0.00	-0.25	0.94
25/06/2018	09:29:01.28000	0.00	-0.25	0.94
25/06/2018	09:29:01.32000	0.00	-0.25	0.94
25/06/2018	09:29:01.36000	0.00	-0.25	0.94
25/06/2018	09:29:01.40000	0.00	-0.25	0.94
25/06/2018	09:29:01.44000	0.00	-0.25	0.94
25/06/2018	09:29:01.48000	0.00	-0.25	0.94
25/06/2018	09:29:01.52000	0.00	-0.25	0.94
25/06/2018	09:29:01.56000	0.00	-0.25	0.94
25/06/2018	09:29:01.60000	0.00	-0.25	0.94
25/06/2018	09:29:01.64000	0.00	-0.25	0.94
25/06/2018	09:29:01.68000	0.00	-0.25	0.94
25/06/2018	09:29:01.72000	0.00	-0.25	0.94
25/06/2018	09:29:01.76000	0.00	-0.25	0.94
25/06/2018	09:29:01.80000	0.00	-0.25	0.94
25/06/2018	09:29:01.84000	0.00	-0.25	0.94
25/06/2018	09:29:01.88000	0.00	-0.25	0.94
25/06/2018	09:29:01.92000	0.00	-0.25	0.94
25/06/2018	09:29:01.96000	0.00	-0.25	0.94
25/06/2018	09:29:02.00000	0.00	-0.25	0.94
25/06/2018	09:29:02.04000	0.00	-0.25	0.94
25/06/2018	09:29:02.08000	0.00	-0.31	0.94
25/06/2018	09:29:02.12000	0.00	-0.25	0.94
25/06/2018	09:29:02.16000	0.00	-0.25	0.94
25/06/2018	09:29:02.20000	0.00	-0.25	0.94
25/06/2018	09:29:02.24000	0.00	-0.25	0.94
25/06/2018	09:29:02.28000	0.00	-0.25	0.94
25/06/2018	09:29:02.32000	0.00	-0.25	0.94
25/06/2018	09:29:02.36000	0.00	-0.25	0.94
25/06/2018	09:29:02.40000	0.00	-0.31	0.94
25/06/2018	09:29:02.44000	0.00	-0.25	0.94
25/06/2018	09:29:02.48000	0.00	-0.25	0.94
25/06/2018	09:29:02.52000	0.00	-0.25	0.94
25/06/2018	09:29:02.56000	0.00	-0.25	0.94
25/06/2018	09:29:02.60000	0.00	-0.25	0.94
25/06/2018	09:29:02.64000	0.00	-0.25	0.94
25/06/2018	09:29:02.68000	0.00	-0.25	0.94
25/06/2018	09:29:02.72000	0.00	-0.25	0.94
25/06/2018	09:29:02.76000	0.00	-0.25	0.94
25/06/2018	09:29:02.80000	0.00	-0.25	0.94
25/06/2018	09:29:02.84000	0.00	-0.31	0.94
25/06/2018	09:29:02.88000	0.00	-0.25	0.94
25/06/2018	09:29:02.92000	0.00	-0.25	0.94
25/06/2018	09:29:02.96000	0.00	-0.25	0.94
25/06/2018	09:29:03.00000	0.00	-0.25	0.94
25/06/2018	09:29:03.04000	0.00	-0.25	0.94
25/06/2018	09:29:03.08000	0.00	-0.25	0.94
25/06/2018	09:29:03.12000	0.00	-0.25	0.94
25/06/2018	09:29:03.16000	0.00	-0.25	0.94
25/06/2018	09:29:03.20000	0.00	-0.25	0.94
25/06/2018	09:29:03.24000	0.00	-0.25	0.94
25/06/2018	09:29:03.28000	0.00	-0.25	0.94
25/06/2018	09:29:03.32000	0.00	-0.25	0.94
25/06/2018	09:29:03.36000	0.00	-0.25	0.94
25/06/2018	09:29:03.40000	0.00	-0.31	0.94
25/06/2018	09:29:03.44000	0.00	-0.31	0.94
25/06/2018	09:29:03.48000	0.00	-0.25	0.94
25/06/2018	09:29:03.52000	0.00	-0.25	0.94
25/06/2018	09:29:03.56000	0.00	-0.25	0.94
25/06/2018	09:29:03.60000	0.00	-0.25	0.94
25/06/2018	09:29:03.64000	0.00	-0.25	0.94
25/06/2018	09:29:03.68000	0.00	-0.25	0.94
25/06/2018	09:29:03.72000	0.00	-0.25	0.94
25/06/2018	09:29:03.76000	0.00	-0.31	0.94
25/06/2018	09:29:03.80000	0.00	-0.25	0.94
25/06/2018	09:29:03.84000	0.00	-0.25	0.94
25/06/2018	09:29:03.88000	0.00	-0.25	0.94
25/06/2018	09:29:03.92000	0.00	-0.25	0.94
25/06/2018	09:29:03.96000	0.00	-0.25	0.94
25/06/2018	09:29:04.00000	0.00	-0.25	0.94
25/06/2018	09:29:04.04000	0.00	-0.25	0.94
25/06/2018	09:29:04.08000	0.00	-0.25	0.94
25/06/2018	09:29:04.12000	0.00	-0.25	0.94
25/06/2018	09:29:04.16000	0.00	-0.25	0.94
25/06/2018	09:29:04.20000	0.00	-0.25	0.94
25/06/2018	09:29:04.24000	0.00	-0.25	0.94
25/06/2018	09:29:04.28000	0.00	-0.25	0.94
25/06/2018	09:29:04.32000	0.00	-0.25	0.94
25/06/2018	09:29:04.36000	0.00	-0.25	0.94
25/06/2018	09:29:04.40000	0.00	-0.25	0.94
25/06/2018	09:29:04.44000	0.00	-0.25	0.94
25/06/2018	09:29:04.48000	0.00	-0.25	0.94
25/06/2018	09:29:04.52000	0.00	-0.25	0.94
25/06/2018	09:29:04.56000	0.00	-0.25	0.94
25/06/2018	09:29:04.60000	0.00	-0.25	0.94
25/06/2018	09:29:04.64000	0.00	-0.31	0.94
25/06/2018	09:29:04.68000	0.00	-0.25	0.94
25/06/2018	09:29:04.72000	0.00	-0.25	0.94
25/06/2018	09:29:04.76000	0.00	-0.25	0.94
25/06/2018	09:29:04.80000	0.00	-0.25	0.94
25/06/2018	09:29:04.84000	0.00	-0.25	0.94
25/06/2018	09:29:04.88000	0.00	-0.25	0.94
25/06/2018	09:29:04.92000	0.00	-0.25	0.94
25/06/2018	09:29:04.96000	0.00	-0.25	0.94
25/06/2018	09:29:05.00000	0.00	-0.25	0.94
25/06/2018	09:29:05.04000	0.00	-0.25	0.94
25/06/2018	09:29:05.08000	0.00	-0.25	0.94
25/06/2018	09:29:05.12000	0.00	-0.25	0.94
25/06/2018	09:29:05.16000	0.00	-0.25	0.94
25/06/2018	09:29:05.20000	0.00	-0.25	0.94
25/06/2018	09:29:05.24000	0.00	-0.25	0.94
25/06/2018	09:29:05.28000	0.00	-0.25	0.94
25/06/2018	09:29:05.32000	0.00	-0.25	0.94
25/06/2018	09:29:05.36000	0.00	-0.25	0.94
25/06/2018	09:29:05.40000	0.00	-0.25	0.94
25/06/2018	09:29:05.44000	0.00	-0.25	0.94
25/06/2018	09:29:05.48000	0.00	-0.25	0.94
25/06/2018	09:29:05.52000	0.00	-0.25	0.94
25/06/2018	09:29:05.56000	0.00	-0.25	0.94
25/06/2018	09:29:05.60000	0.00	-0.25	0.94
25/06/2018	09:29:05.64000	0.00	-0.25	0.94
25/06/2018	09:29:05.68000	0.00	-0.25	0.94
25/06/2018	09:29:05.72000	0.00	-0.25	0.94
25/06/2018	09:29:05.76000	0.00	-0.25	0.94
25/06/2018	09:29:05.80000	0.00	-0.25	0.94
25/06/2018	09:29:05.84000	0.00	-0.25	0.94
25/06/2018	09:29:05.88000	0.00	-0.25	0.94
25/06/2018	09:29:05.92000	0.00	-0.25	0.94
25/06/2018	09:29:05.96000	0.00	-0.25	0.94
25/06/2018	09:29:06.00000	0.00	-0.25	0.94
25/06/2018	09:29:06.04000	0.00	-0.25	0.94
25/06/2018	09:29:06.08000	0.00	-0.31	0.94
25/06/2018	09:29:06.12000	0.00	-0.25	0.94
25/06/2018	09:29:06.16000	0.00	-0.25	0.94
25/06/2018	09:29:06.20000	0.00	-0.25	0.94
25/06/2018	09:29:06.24000	0.00	-0.25	0.94
25/06/2018	09:29:06.28000	0.00	-0.25	0.94
25/06/2018	09:29:06.32000	0.00	-0.25	0.94
25/06/2018	09:29:06.36000	0.00	-0.25	0.94
25/06/2018	09:29:06.40000	0.00	-0.25	0.94
25/06/2018	09:29:06.44000	0.00	-0.25	0.94
25/06/2018	09:29:06.48000	0.00	-0.25	0.94
25/06/2018	09:29:06.52000	0.00	-0.25	0.94
25/06/2018	09:29:06.56000	0.00	-0.25	0.94
25/06/2018	09:29:06.60000	0.00	-0.25	0.94
25/06/2018	09:29:06.64000	0.00	-0.25	0.94
25/06/2018	09:29:06.68000	0.00	-0.25	0.94
25/06/2018	09:29:06.72000	0.00	-0.25	0.94
25/06/2018	09:29:06.76000	0.00	-0.25	0.94
25/06/2018	09:29:06.80000	0.00	-0.25	0.94
25/06/2018	09:29:06.84000	0.00	-0.25	0.94
25/06/2018	09:29:06.88000	0.00	-0.25	0.94
25/06/2018	09:29:06.92000	0.00	-0.25	0.94
25/06/2018	09:29:06.96000	0.00	-0.25	0.94
25/06/2018	09:29:07.00000	0.00	-0.25	0.94
25/06/2018	09:29:07.04000	0.00	-0.25	0.94
25/06/2018	09:29:07.08000	0.00	-0.25	0.94
25/06/2018	09:29:07.12000	0.00	-0.25	0.94
25/06/2018	09:29:07.16000	0.00	-0.25	0.94
25/06/2018	09:29:07.20000	0.00	-0.25	0.94
25/06/2018	09:29:07.24000	0.00	-0.25	0.94
25/06/2018	09:29:07.28000	0.00	-0.25	0.94
25/06/2018	09:29:07.32000	0.00	-0.25	0.94
25/06/2018	09:29:07.36000	0.00	-0.25	0.94
25/06/2018	09:29:07.40000	0.00	-0.25	0.94
25/06/2018	09:29:07.44000	0.00	-0.25	0.94
25/06/2018	09:29:07.48000	0.00	-0.25	0.94
25/06/2018	09:29:07.52000	0.00	-0.25	0.94
25/06/2018	09:29:07.56000	0.00	-0.25	0.94
25/06/2018	09:29:07.60000	0.00	-0.25	0.94
25/06/2018	09:29:07.64000	0.00	-0.25	0.94
25/06/2018	09:29:07.68000	0.00	-0.25	0.94
25/06/2018	09:29:07.72000	0.00	-0.25	0.94
25/06/2018	09:29:07.76000	0.00	-0.25	0.94
25/06/2018	09:29:07.80000	0.00	-0.25	0.94
25/06/2018	09:29:07.84000	0.00	-0.25	0.94
25/06/2018	09:29:07.88000	0.00	-0.25	0.94
25/06/2018	09:29:07.92000	0.00	-0.25	0.94
25/06/2018	09:29:07.96000	0.00	-0.25	0.94
25/06/2018	09:29:08.00000	0.00	-0.25	0.94
25/06/2018	09:29:08.04000	0.00	-0.25	0.94
25/06/2018	09:29:08.08000	0.00	-0.25	0.94
25/06/2018	09:29:08.12000	0.00	-0.25	0.94
25/06/2018	09:29:08.16000	0.00	-0.31	0.94
25/06/2018	09:29:08.20000	0.00	-0.25	0.94
25/06/2018	09:29:08.24000	0.00	-0.25	0.94
25/06/2018	09:29:08.28000	0.00	-0.25	0.94
25/06/2018	09:29:08.32000	0.00	-0.25	0.94
25/06/2018	09:29:08.36000	0.00	-0.25	0.94
25/06/2018	09:29:08.40000	0.00	-0.25	0.94
25/06/2018	09:29:08.44000	0.00	-0.31	0.94
25/06/2018	09:29:08.48000	0.00	-0.25	0.94
25/06/2018	09:29:08.52000	0.00	-0.25	0.94
25/06/2018	09:29:08.56000	0.00	-0.25	0.94
25/06/2018	09:29:08.60000	0.00	-0.25	0.94
25/06/2018	09:29:08.64000	0.00	-0.25	0.94
25/06/2018	09:29:08.68000	0.00	-0.31	0.94
25/06/2018	09:29:08.72000	0.00	-0.25	0.94
25/06/2018	09:29:08.76000	0.00	-0.25	0.94
25/06/2018	09:29:08.80000	0.00	-0.25	0.94
25/06/2018	09:29:08.84000	0.00	-0.25	0.94
25/06/2018	09:29:08.88000	0.00	-0.25	0.94
25/06/2018	09:29:08.92000	0.00	-0.25	0.94
25/06/2018	09:29:08.96000	0.00	-0.25	0.94
25/06/2018	09:29:09.00000	0.00	-0.25	0.94
25/06/2018	09:29:09.04000	0.00	-0.25	0.94
25/06/2018	09:29:09.08000	0.00	-0.25	0.94
25/06/2018	09:29:09.12000	0.00	-0.25	0.94
25/06/2018	09:29:09.16000	0.00	-0.31	0.94
25/06/2018	09:29:09.20000	0.00	-0.31	0.94
25/06/2018	09:29:09.24000	0.00	-0.31	0.94
25/06/2018	09:29:09.28000	0.00	-0.31	0.94
25/06/2018	09:29:09.32000	0.00	-0.25	0.94
25/06/2018	09:29:09.36000	0.00	-0.25	0.94
25/06/2018	09:29:09.40000	0.00	-0.25	0.94
25/06/2018	09:29:09.44000	0.00	-0.25	0.94
25/06/2018	09:29:09.48000	0.00	-0.25	0.94
25/06/2018	09:29:09.52000	0.00	-0.25	0.94
25/06/2018	09:29:09.56000	0.00	-0.25	0.94
25/06/2018	09:29:09.60000	0.00	-0.25	0.94
25/06/2018	09:29:09.64000	0.00	-0.25	0.94
25/06/2018	09:29:09.68000	0.00	-0.25	0.94
25/06/2018	09:29:09.72000	0.00	-0.25	0.94
25/06/2018	09:29:09.76000	0.00	-0.25	0.94
25/06/2018	09:29:09.80000	0.00	-0.25	0.94
25/06/2018	09:29:09.84000	0.00	-0.25	0.94
25/06/2018	09:29:09.88000	0.00	-0.25	0.94
25/06/2018	09:29:09.92000	0.00	-0.25	0.94
25/06/2018	09:29:09.96000	0.00	-0.25	0.94
25/06/2018	09:29:10.00000	0.00	-0.25	0.94
25/06/2018	09:29:10.04000	0.00	-0.31	0.94
25/06/2018	09:29:10.08000	0.00	-0.25	0.94
25/06/2018	09:29:10.12000	0.00	-0.25	0.94
25/06/2018	09:29:10.16000	0.00	-0.25	0.94
25/06/2018	09:29:10.20000	0.00	-0.25	0.94
25/06/2018	09:29:10.24000	0.00	-0.25	0.94
25/06/2018	09:29:10.28000	0.00	-0.25	0.94
25/06/2018	09:29:10.32000	0.00	-0.25	0.94
25/06/2018	09:29:10.36000	0.00	-0.25	0.94
25/06/2018	09:29:10.40000	0.00	-0.25	0.94
25/06/2018	09:29:10.44000	0.00	-0.25	0.94
25/06/2018	09:29:10.48000	0.00	-0.31	0.94
25/06/2018	09:29:10.52000	0.00	-0.25	0.94
25/06/2018	09:29:10.56000	0.00	-0.25	0.94
25/06/2018	09:29:10.60000	0.00	-0.25	0.94
25/06/2018	09:29:10.64000	0.00	-0.25	0.94
25/06/2018	09:29:10.68000	0.00	-0.25	0.94
25/06/2018	09:29:10.72000	0.00	-0.25	0.94
25/06/2018	09:29:10.76000	0.00	-0.25	0.94
25/06/2018	09:29:10.80000	0.00	-0.31	0.94
25/06/2018	09:29:10.84000	0.00	-0.31	0.94
25/06/2018	09:29:10.88000	0.00	-0.31	0.94
25/06/2018	09:29:10.92000	0.00	-0.31	0.94
25/06/2018	09:29:10.96000	0.00	-0.25	0.94
25/06/2018	09:29:11.00000	0.00	-0.25	0.94
25/06/2018	09:29:11.04000	0.00	-0.25	0.94
25/06/2018	09:29:11.08000	0.00	-0.25	0.94
25/06/2018	09:29:11.12000	0.00	-0.25	0.94
25/06/2018	09:29:11.16000	0.00	-0.25	0.94
25/06/2018	09:29:11.20000	0.00	-0.25	0.94
25/06/2018	09:29:11.24000	0.00	-0.25	0.94
25/06/2018	09:29:11.28000	0.00	-0.25	0.94
25/06/2018	09:29:11.32000	0.00	-0.25	0.94
25/06/2018	09:29:11.36000	0.00	-0.25	0.94
25/06/2018	09:29:11.40000	0.00	-0.25	0.94
25/06/2018	09:29:11.44000	0.00	-0.25	0.94
25/06/2018	09:29:11.48000	0.00	-0.25	0.94
25/06/2018	09:29:11.52000	0.00	-0.25	0.94
25/06/2018	09:29:11.56000	0.00	-0.25	0.94
25/06/2018	09:29:11.60000	0.00	-0.25	0.94
25/06/2018	09:29:11.64000	0.00	-0.25	0.94
25/06/2018	09:29:11.68000	0.00	-0.25	0.94
25/06/2018	09:29:11.72000	0.00	-0.25	0.94
25/06/2018	09:29:11.76000	0.00	-0.25	0.94
25/06/2018	09:29:11.80000	0.00	-0.25	0.94
25/06/2018	09:29:11.84000	0.00	-0.31	0.94
25/06/2018	09:29:11.88000	0.00	-0.25	0.94
25/06/2018	09:29:11.92000	0.00	-0.25	0.94
25/06/2018	09:29:11.96000	0.00	-0.25	0.94
25/06/2018	09:29:12.00000	0.00	-0.25	0.94
25/06/2018	09:29:12.04000	0.00	-0.25	0.94
25/06/2018	09:29:12.08000	0.00	-0.25	0.94
25/06/2018	09:29:12.12000	0.00	-0.25	0.94
25/06/2018	09:29:12.16000	0.00	-0.25	0.94
25/06/2018	09:29:12.20000	0.00	-0.25	0.94
25/06/2018	09:29:12.24000	0.00	-0.25	0.94
25/06/2018	09:29:12.28000	0.00	-0.31	0.94
25/06/2018	09:29:12.32000	0.00	-0.25	0.94
25/06/2018	09:29:12.36000	0.00	-0.25	0.94
25/06/2018	09:29:12.40000	0.00	-0.31	0.94
25/06/2018	09:29:12.44000	0.00	-0.25	0.94
25/06/2018	09:29:12.48000	0.00	-0.25	0.94
25/06/2018	09:29:12.52000	0.00	-0.25	0.94
25/06/2018	09:29:12.56000	0.00	-0.25	0.94
25/06/2018	09:29:12.60000	0.00	-0.25	0.94
25/06/2018	09:29:12.64000	0.00	-0.25	0.94
25/06/2018	09:29:12.68000	0.00	-0.25	0.94
25/06/2018	09:29:12.72000	0.00	-0.25	0.94
25/06/2018	09:29:12.76000	0.00	-0.25	0.94
25/06/2018	09:29:12.80000	0.00	-0.25	0.94
25/06/2018	09:29:12.84000	0.00	-0.25	0.94
25/06/2018	09:29:12.88000	0.00	-0.25	0.94
25/06/2018	09:29:12.92000	0.00	-0.25	0.94
25/06/2018	09:29:12.96000	0.00	-0.25	0.94
25/06/2018	09:29:13.00000	0.00	-0.25	0.94
25/06/2018	09:29:13.04000	0.00	-0.25	0.94
25/06/2018	09:29:13.08000	0.00	-0.31	0.94
25/06/2018	09:29:13.12000	0.00	-0.25	0.94
25/06/2018	09:29:13.16000	0.00	-0.25	0.94
25/06/2018	09:29:13.20000	0.00	-0.25	0.94
25/06/2018	09:29:13.24000	0.00	-0.25	0.94
25/06/2018	09:29:13.28000	0.00	-0.31	0.94
25/06/2018	09:29:13.32000	0.00	-0.25	0.94
25/06/2018	09:29:13.36000	0.00	-0.31	0.94
25/06/2018	09:29:13.40000	0.00	-0.25	0.94
25/06/2018	09:29:13.44000	0.00	-0.25	0.94
25/06/2018	09:29:13.48000	0.00	-0.25	0.94
25/06/2018	09:29:13.52000	0.00	-0.25	0.94
25/06/2018	09:29:13.56000	0.00	-0.25	0.94
25/06/2018	09:29:13.60000	0.00	-0.25	0.94
25/06/2018	09:29:13.64000	0.00	-0.25	0.94
25/06/2018	09:29:13.68000	0.00	-0.25	0.94
25/06/2018	09:29:13.72000	0.00	-0.25	0.94
25/06/2018	09:29:13.76000	0.00	-0.25	0.94
25/06/2018	09:29:13.80000	0.00	-0.25	0.94
25/06/2018	09:29:13.84000	0.00	-0.25	0.94
25/06/2018	09:29:13.88000	0.00	-0.25	0.94
25/06/2018	09:29:13.92000	0.00	-0.25	0.94
25/06/2018	09:29:13.96000	0.00	-0.31	0.94
25/06/2018	09:29:14.00000	0.00	-0.25	0.94
25/06/2018	09:29:14.04000	0.00	-0.25	0.94
25/06/2018	09:29:14.08000	0.00	-0.25	0.94
25/06/2018	09:29:14.12000	0.00	-0.25	0.94
25/06/2018	09:29:14.16000	0.00	-0.25	0.94
25/06/2018	09:29:14.20000	0.00	-0.25	0.94
25/06/2018	09:29:14.24000	0.00	-0.25	0.88
25/06/2018	09:29:14.28000	0.00	-0.31	1.00
25/06/2018	09:29:14.32000	0.00	-0.31	0.94
25/06/2018	09:29:14.36000	0.00	-0.31	0.94
25/06/2018	09:29:14.40000	0.00	-0.31	1.00
25/06/2018	09:29:14.44000	0.00	-0.25	0.88
25/06/2018	09:29:14.48000	0.00	-0.25	1.00
25/06/2018	09:29:14.52000	0.00	-0.25	0.94
25/06/2018	09:29:14.56000	0.00	-0.25	0.94
25/06/2018	09:29:14.60000	0.00	-0.25	0.94
25/06/2018	09:29:14.64000	0.00	-0.31	0.94
25/06/2018	09:29:14.68000	0.00	-0.25	0.94
25/06/2018	09:29:14.72000	0.00	-0.31	0.94
25/06/2018	09:29:14.76000	0.00	-0.25	0.94
25/06/2018	09:29:14.80000	0.00	-0.25	1.00
25/06/2018	09:29:14.84000	0.00	-0.25	0.94
25/06/2018	09:29:14.88000	0.00	-0.25	0.94
25/06/2018	09:29:14.92000	0.00	-0.25	0.94
25/06/2018	09:29:14.96000	0.00	-0.25	0.94
25/06/2018	09:29:15.00000	0.00	-0.25	0.94
25/06/2018	09:29:15.04000	0.00	-0.25	0.94
25/06/2018	09:29:15.08000	0.00	-0.25	0.94
25/06/2018	09:29:15.12000	0.00	-0.31	0.94
25/06/2018	09:29:15.16000	0.00	-0.25	0.94
25/06/2018	09:29:15.20000	0.00	-0.25	0.94
25/06/2018	09:29:15.24000	0.00	-0.31	0.94
25/06/2018	09:29:15.28000	0.00	-0.31	0.94
25/06/2018	09:29:15.32000	0.00	-0.25	0.94
25/06/2018	09:29:15.36000	0.00	-0.25	0.94
25/06/2018	09:29:15.40000	0.00	-0.25	0.94
25/06/2018	09:29:15.44000	0.00	-0.25	0.94
25/06/2018	09:29:15.48000	0.00	-0.25	0.94
25/06/2018	09:29:15.52000	0.00	-0.25	0.94
25/06/2018	09:29:15.56000	0.00	-0.31	0.94
25/06/2018	09:29:15.60000	0.00	-0.31	0.94
25/06/2018	09:29:15.64000	0.00	-0.31	0.94
25/06/2018	09:29:15.68000	0.00	-0.25	0.94
25/06/2018	09:29:15.72000	0.00	-0.25	0.94
25/06/2018	09:29:15.76000	0.00	-0.25	0.94
25/06/2018	09:29:15.80000	0.00	-0.25	0.94
25/06/2018	09:29:15.84000	0.00	-0.25	0.94
25/06/2018	09:29:15.88000	0.00	-0.25	0.94
25/06/2018	09:29:15.92000	0.00	-0.25	0.94
25/06/2018	09:29:15.96000	0.00	-0.31	0.94
25/06/2018	09:29:16.00000	0.00	-0.25	0.94
25/06/2018	09:29:16.04000	0.00	-0.31	0.94
25/06/2018	09:29:16.08000	0.00	-0.31	0.94
25/06/2018	09:29:16.12000	0.00	-0.31	0.94
25/06/2018	09:29:16.16000	0.00	-0.31	0.94
25/06/2018	09:29:16.20000	0.00	-0.25	0.94
25/06/2018	09:29:16.24000	0.00	-0.31	0.94
25/06/2018	09:29:16.28000	0.00	-0.25	0.94
25/06/2018	09:29:16.32000	0.00	-0.25	0.94
25/06/2018	09:29:16.36000	0.00	-0.25	0.94
25/06/2018	09:29:16.40000	0.00	-0.25	0.94
25/06/2018	09:29:16.44000	0.00	-0.25	0.94
25/06/2018	09:29:16.48000	0.00	-0.25	0.94
25/06/2018	09:29:16.52000	0.00	-0.25	0.94
25/06/2018	09:29:16.56000	0.00	-0.25	0.94
25/06/2018	09:29:16.60000	0.00	-0.31	0.94
25/06/2018	09:29:16.64000	0.00	-0.31	0.94
25/06/2018	09:29:16.68000	0.00	-0.25	0.94
25/06/2018	09:29:16.72000	0.00	-0.31	0.94
25/06/2018	09:29:16.76000	0.00	-0.25	0.94
25/06/2018	09:29:16.80000	0.00	-0.25	0.94
25/06/2018	09:29:16.84000	0.00	-0.25	0.94
25/06/2018	09:29:16.88000	0.00	-0.25	0.94
25/06/2018	09:29:16.92000	0.00	-0.25	0.94
25/06/2018	09:29:16.96000	0.00	-0.25	0.94
25/06/2018	09:29:17.00000	0.00	-0.25	0.94
25/06/2018	09:29:17.04000	0.00	-0.25	0.94
25/06/2018	09:29:17.08000	0.00	-0.25	0.94
25/06/2018	09:29:17.12000	0.00	-0.25	0.94
25/06/2018	09:29:17.16000	0.00	-0.25	0.94
25/06/2018	09:29:17.20000	0.00	-0.25	0.94
25/06/2018	09:29:17.24000	0.00	-0.31	0.94
25/06/2018	09:29:17.28000	0.00	-0.31	0.94
25/06/2018	09:29:17.32000	0.00	-0.31	0.94
25/06/2018	09:29:17.36000	0.00	-0.31	0.94
25/06/2018	09:29:17.40000	0.00	-0.31	0.94
25/06/2018	09:29:17.44000	0.00	-0.25	0.94
25/06/2018	09:29:17.48000	0.00	-0.25	0.94
25/06/2018	09:29:17.52000	0.00	-0.25	0.94
25/06/2018	09:29:17.56000	0.00	-0.25	0.94
25/06/2018	09:29:17.60000	0.00	-0.25	0.94
25/06/2018	09:29:17.64000	0.00	-0.25	0.94
25/06/2018	09:29:17.68000	0.00	-0.25	0.94
25/06/2018	09:29:17.72000	0.00	-0.25	0.94
25/06/2018	09:29:17.76000	0.00	-0.25	0.94
25/06/2018	09:29:17.80000	0.00	-0.31	0.94
25/06/2018	09:29:17.84000	0.00	-0.25	0.94
25/06/2018	09:29:17.88000	0.00	-0.31	0.94
25/06/2018	09:29:17.92000	0.00	-0.25	0.94
25/06/2018	09:29:17.96000	0.00	-0.25	0.94
25/06/2018	09:29:18.00000	0.00	-0.25	0.94
25/06/2018	09:29:18.04000	0.00	-0.25	0.94
25/06/2018	09:29:18.08000	0.00	-0.25	0.94
25/06/2018	09:29:18.12000	0.00	-0.25	0.94
25/06/2018	09:29:18.16000	0.00	-0.25	0.94
25/06/2018	09:29:18.20000	0.00	-0.25	0.94
25/06/2018	09:29:18.24000	0.00	-0.25	0.94
25/06/2018	09:29:18.28000	0.00	-0.25	0.94
25/06/2018	09:29:18.32000	0.00	-0.25	0.94
25/06/2018	09:29:18.36000	0.00	-0.25	0.94
25/06/2018	09:29:18.40000	0.00	-0.25	0.94
25/06/2018	09:29:18.44000	0.00	-0.25	0.94
25/06/2018	09:29:18.48000	0.00	-0.25	0.94
25/06/2018	09:29:18.52000	0.00	-0.25	0.94
25/06/2018	09:29:18.56000	0.00	-0.25	0.94
25/06/2018	09:29:18.60000	0.00	-0.25	0.94
25/06/2018	09:29:18.64000	0.00	-0.25	0.94
25/06/2018	09:29:18.68000	0.00	-0.25	0.94
25/06/2018	09:29:18.72000	0.00	-0.25	0.94
25/06/2018	09:29:18.76000	0.00	-0.25	0.94
25/06/2018	09:29:18.80000	0.00	-0.25	0.94
25/06/2018	09:29:18.84000	0.00	-0.25	0.94
25/06/2018	09:29:18.88000	0.00	-0.25	0.94
25/06/2018	09:29:18.92000	0.00	-0.25	0.94
25/06/2018	09:29:18.96000	0.00	-0.25	0.94
25/06/2018	09:29:19.00000	0.00	-0.25	0.94
25/06/2018	09:29:19.04000	0.00	-0.25	0.94
25/06/2018	09:29:19.08000	0.00	-0.25	0.94
25/06/2018	09:29:19.12000	0.00	-0.25	0.94
25/06/2018	09:29:19.16000	0.00	-0.25	0.94
25/06/2018	09:29:19.20000	0.00	-0.25	0.94
25/06/2018	09:29:19.24000	0.00	-0.25	0.94
25/06/2018	09:29:19.28000	0.00	-0.25	0.94
25/06/2018	09:29:19.32000	0.00	-0.25	0.94
25/06/2018	09:29:19.36000	0.00	-0.25	0.94
25/06/2018	09:29:19.40000	0.00	-0.31	0.94
25/06/2018	09:29:19.44000	0.00	-0.31	0.94
25/06/2018	09:29:19.48000	0.00	-0.25	0.94
25/06/2018	09:29:19.52000	0.00	-0.25	0.94
25/06/2018	09:29:19.56000	0.00	-0.25	0.94
25/06/2018	09:29:19.60000	0.00	-0.25	0.94
25/06/2018	09:29:19.64000	0.00	-0.25	0.94
25/06/2018	09:29:19.68000	0.00	-0.25	1.00
25/06/2018	09:29:19.72000	0.00	-0.25	0.94
25/06/2018	09:29:19.76000	0.00	-0.25	0.94
25/06/2018	09:29:19.80000	0.00	-0.25	0.94
25/06/2018	09:29:19.84000	0.00	-0.25	0.94
25/06/2018	09:29:19.88000	0.00	-0.25	0.94
25/06/2018	09:29:19.92000	0.00	-0.25	0.94
25/06/2018	09:29:19.96000	0.00	-0.25	0.94
25/06/2018	09:29:20.00000	0.00	-0.25	0.94
25/06/2018	09:29:20.04000	0.00	-0.31	0.94
25/06/2018	09:29:20.08000	0.00	-0.25	0.94
25/06/2018	09:29:20.12000	0.00	-0.25	0.94
25/06/2018	09:29:20.16000	0.00	-0.25	0.94
25/06/2018	09:29:20.20000	0.00	-0.25	0.94
25/06/2018	09:29:20.24000	0.00	-0.25	0.94
25/06/2018	09:29:20.28000	0.00	-0.25	0.94
25/06/2018	09:29:20.32000	0.00	-0.25	0.94
25/06/2018	09:29:20.36000	0.00	-0.25	0.94
25/06/2018	09:29:20.40000	0.00	-0.25	0.94
25/06/2018	09:29:20.44000	0.00	-0.25	0.94
25/06/2018	09:29:20.48000	0.00	-0.25	0.94
25/06/2018	09:29:20.52000	0.00	-0.25	0.94
25/06/2018	09:29:20.56000	0.00	-0.25	0.94
25/06/2018	09:29:20.60000	0.00	-0.25	0.94
25/06/2018	09:29:20.64000	0.00	-0.25	0.94
25/06/2018	09:29:20.68000	0.00	-0.25	0.94
25/06/2018	09:29:20.72000	0.00	-0.25	0.94
25/06/2018	09:29:20.76000	0.00	-0.25	0.94
25/06/2018	09:29:20.80000	0.00	-0.25	0.94
25/06/2018	09:29:20.84000	0.00	-0.25	0.94
25/06/2018	09:29:20.88000	0.00	-0.25	0.94
25/06/2018	09:29:20.92000	0.00	-0.25	0.94
25/06/2018	09:29:20.96000	0.00	-0.25	0.94
25/06/2018	09:29:21.00000	0.00	-0.25	0.94
25/06/2018	09:29:21.04000	0.00	-0.25	0.94
25/06/2018	09:29:21.08000	0.00	-0.25	0.94
25/06/2018	09:29:21.12000	0.00	-0.25	0.94
25/06/2018	09:29:21.16000	0.00	-0.25	0.94
25/06/2018	09:29:21.20000	0.00	-0.25	0.94
25/06/2018	09:29:21.24000	0.00	-0.25	0.94
25/06/2018	09:29:21.28000	0.00	-0.25	0.94
25/06/2018	09:29:21.32000	0.00	-0.25	0.94
25/06/2018	09:29:21.36000	0.00	-0.25	0.94
25/06/2018	09:29:21.40000	0.00	-0.25	0.94
25/06/2018	09:29:21.44000	0.00	-0.25	0.94
25/06/2018	09:29:21.48000	0.00	-0.31	0.94
25/06/2018	09:29:21.52000	0.00	-0.31	0.94
25/06/2018	09:29:21.56000	0.00	-0.31	0.94
25/06/2018	09:29:21.60000	0.00	-0.31	0.94
25/06/2018	09:29:21.64000	0.00	-0.31	0.94
25/06/2018	09:29:21.68000	0.00	-0.25	0.94
25/06/2018	09:29:21.72000	0.00	-0.25	0.94
25/06/2018	09:29:21.76000	0.00	-0.31	0.94
25/06/2018	09:29:21.80000	0.00	-0.25	0.94
25/06/2018	09:29:21.84000	0.00	-0.25	0.94
25/06/2018	09:29:21.88000	0.00	-0.25	0.94
25/06/2018	09:29:21.92000	0.00	-0.25	0.94
25/06/2018	09:29:21.96000	0.00	-0.25	0.94
25/06/2018	09:29:22.00000	0.00	-0.25	0.94
25/06/2018	09:29:22.04000	0.00	-0.31	0.94
25/06/2018	09:29:22.08000	0.00	-0.25	0.94
25/06/2018	09:29:22.12000	0.00	-0.25	1.00
25/06/2018	09:29:22.16000	0.00	-0.25	0.94
25/06/2018	09:29:22.20000	0.00	-0.25	0.94
25/06/2018	09:29:22.24000	0.00	-0.25	0.94
25/06/2018	09:29:22.28000	0.00	-0.25	0.94
25/06/2018	09:29:22.32000	0.00	-0.25	0.94
25/06/2018	09:29:22.36000	0.00	-0.25	0.94
25/06/2018	09:29:22.40000	0.00	-0.25	0.94
25/06/2018	09:29:22.44000	0.00	-0.25	1.00
25/06/2018	09:29:22.48000	0.00	-0.25	0.94
25/06/2018	09:29:22.52000	0.00	-0.25	0.94
25/06/2018	09:29:22.56000	0.00	-0.25	0.94
25/06/2018	09:29:22.60000	0.00	-0.25	0.94
25/06/2018	09:29:22.64000	0.00	-0.25	0.94
25/06/2018	09:29:22.68000	0.00	-0.25	0.94
25/06/2018	09:29:22.72000	0.00	-0.25	0.94
25/06/2018	09:29:22.76000	0.00	-0.25	0.94
25/06/2018	09:29:22.80000	0.00	-0.25	0.94
25/06/2018	09:29:22.84000	0.00	-0.25	0.94
25/06/2018	09:29:22.88000	0.00	-0.31	0.94
25/06/2018	09:29:22.92000	0.00	-0.31	0.94
25/06/2018	09:29:22.96000	0.00	-0.25	0.94
25/06/2018	09:29:23.00000	0.00	-0.25	0.94
25/06/2018	09:29:23.04000	0.00	-0.25	0.94
25/06/2018	09:29:23.08000	0.00	-0.25	0.94
25/06/2018	09:29:23.12000	0.00	-0.25	0.94
25/06/2018	09:29:23.16000	0.00	-0.25	0.94
25/06/2018	09:29:23.20000	0.00	-0.25	0.94
25/06/2018	09:29:23.24000	0.00	-0.25	0.94
25/06/2018	09:29:23.28000	0.00	-0.25	0.94
25/06/2018	09:29:23.32000	0.00	-0.25	0.94
25/06/2018	09:29:23.36000	0.00	-0.25	0.94
25/06/2018	09:29:23.40000	0.00	-0.25	0.94
25/06/2018	09:29:23.44000	0.00	-0.25	0.94
25/06/2018	09:29:23.48000	0.00	-0.25	0.94
25/06/2018	09:29:23.52000	0.00	-0.25	0.94
25/06/2018	09:29:23.56000	0.00	-0.25	0.94
25/06/2018	09:29:23.60000	0.00	-0.25	0.94
25/06/2018	09:29:23.64000	0.00	-0.31	0.94
25/06/2018	09:29:23.68000	0.00	-0.25	0.94
25/06/2018	09:29:23.72000	0.00	-0.25	0.94
25/06/2018	09:29:23.76000	0.00	-0.25	0.94
25/06/2018	09:29:23.80000	0.00	-0.25	0.94
25/06/2018	09:29:23.84000	0.00	-0.25	0.94
25/06/2018	09:29:23.88000	0.00	-0.31	0.94
25/06/2018	09:29:23.92000	0.00	-0.25	0.94
25/06/2018	09:29:23.96000	0.00	-0.25	0.94
25/06/2018	09:29:24.00000	0.00	-0.25	0.94
25/06/2018	09:29:24.04000	0.00	-0.25	0.94
25/06/2018	09:29:24.08000	0.00	-0.25	0.94
25/06/2018	09:29:24.12000	0.00	-0.25	0.94
25/06/2018	09:29:24.16000	0.00	-0.25	0.94
25/06/2018	09:29:24.20000	0.00	-0.25	0.94
25/06/2018	09:29:24.24000	0.00	-0.31	0.94
25/06/2018	09:29:24.28000	0.00	-0.25	0.94
25/06/2018	09:29:24.32000	0.00	-0.25	0.94
25/06/2018	09:29:24.36000	0.00	-0.25	0.94
25/06/2018	09:29:24.40000	0.00	-0.25	0.94
25/06/2018	09:29:24.44000	0.00	-0.25	0.94
25/06/2018	09:29:24.48000	0.00	-0.25	0.94
25/06/2018	09:29:24.52000	0.00	-0.25	0.94
25/06/2018	09:29:24.56000	0.00	-0.25	0.94
25/06/2018	09:29:24.60000	0.00	-0.25	0.94
25/06/2018	09:29:24.64000	0.00	-0.25	0.94
25/06/2018	09:29:24.68000	0.00	-0.25	0.94
25/06/2018	09:29:24.72000	0.00	-0.25	0.94
25/06/2018	09:29:24.76000	0.00	-0.25	0.94
25/06/2018	09:29:24.80000	0.00	-0.25	0.94
25/06/2018	09:29:24.84000	0.00	-0.25	0.94
25/06/2018	09:29:24.88000	0.00	-0.25	0.94
25/06/2018	09:29:24.92000	0.00	-0.25	0.94
25/06/2018	09:29:24.96000	0.00	-0.25	0.94
25/06/2018	09:29:25.00000	0.00	-0.25	0.94
25/06/2018	09:29:25.04000	0.00	-0.25	0.94
25/06/2018	09:29:25.08000	0.00	-0.25	0.94
25/06/2018	09:29:25.12000	0.00	-0.25	0.94
25/06/2018	09:29:25.16000	0.00	-0.25	0.94
25/06/2018	09:29:25.20000	0.00	-0.25	0.94
25/06/2018	09:29:25.24000	0.00	-0.25	0.94
25/06/2018	09:29:25.28000	0.00	-0.25	0.94
25/06/2018	09:29:25.32000	0.00	-0.25	0.94
25/06/2018	09:29:25.36000	0.00	-0.25	0.94
25/06/2018	09:29:25.40000	0.00	-0.25	0.94
25/06/2018	09:29:25.44000	0.00	-0.25	0.94
25/06/2018	09:29:25.48000	0.00	-0.25	0.94
25/06/2018	09:29:25.52000	0.00	-0.25	0.94
25/06/2018	09:29:25.56000	0.00	-0.25	0.94
25/06/2018	09:29:25.60000	0.00	-0.25	0.94
25/06/2018	09:29:25.64000	0.00	-0.25	0.94
25/06/2018	09:29:25.68000	0.00	-0.25	0.94
25/06/2018	09:29:25.72000	0.00	-0.25	0.94
25/06/2018	09:29:25.76000	0.00	-0.25	0.94
25/06/2018	09:29:25.80000	0.00	-0.25	0.94
25/06/2018	09:29:25.84000	0.00	-0.25	1.00
25/06/2018	09:29:25.88000	0.00	-0.25	0.94
25/06/2018	09:29:25.92000	0.00	-0.25	0.94
25/06/2018	09:29:25.96000	0.00	-0.25	0.94
25/06/2018	09:29:26.00000	0.00	-0.25	0.94
25/06/2018	09:29:26.04000	0.00	-0.25	0.94
25/06/2018	09:29:26.08000	0.00	-0.25	0.94
25/06/2018	09:29:26.12000	0.00	-0.25	0.94
25/06/2018	09:29:26.16000	0.00	-0.25	0.94
25/06/2018	09:29:26.20000	0.00	-0.25	0.94
25/06/2018	09:29:26.24000	0.00	-0.25	0.94
25/06/2018	09:29:26.28000	0.00	-0.25	0.94
25/06/2018	09:29:26.32000	0.00	-0.25	0.94
25/06/2018	09:29:26.36000	0.00	-0.31	0.94
25/06/2018	09:29:26.40000	0.00	-0.25	0.94
25/06/2018	09:29:26.44000	0.00	-0.25	0.94
25/06/2018	09:29:26.48000	0.00	-0.25	0.94
25/06/2018	09:29:26.52000	0.00	-0.25	0.94
25/06/2018	09:29:26.56000	0.00	-0.25	0.94
25/06/2018	09:29:26.60000	0.00	-0.25	0.94
25/06/2018	09:29:26.64000	0.00	-0.25	0.94
25/06/2018	09:29:26.68000	0.00	-0.25	0.94
25/06/2018	09:29:26.72000	0.00	-0.25	0.94
25/06/2018	09:29:26.76000	0.00	-0.25	0.94
25/06/2018	09:29:26.80000	0.00	-0.25	0.94
25/06/2018	09:29:26.84000	0.00	-0.25	0.94
25/06/2018	09:29:26.88000	0.00	-0.25	0.94
25/06/2018	09:29:26.92000	0.00	-0.25	0.94
25/06/2018	09:29:26.96000	0.00	-0.31	0.94
25/06/2018	09:29:27.00000	0.00	-0.31	0.94
25/06/2018	09:29:27.04000	0.00	-0.31	0.94
25/06/2018	09:29:27.08000	0.00	-0.25	0.94
25/06/2018	09:29:27.12000	0.00	-0.25	0.94
25/06/2018	09:29:27.16000	0.00	-0.25	0.94
25/06/2018	09:29:27.20000	0.00	-0.25	0.94
25/06/2018	09:29:27.24000	0.00	-0.25	0.94
25/06/2018	09:29:27.28000	0.00	-0.31	0.94
25/06/2018	09:29:27.32000	0.00	-0.25	0.94
25/06/2018	09:29:27.36000	0.00	-0.25	0.94
25/06/2018	09:29:27.40000	0.00	-0.25	0.94
25/06/2018	09:29:27.44000	0.00	-0.25	0.94
25/06/2018	09:29:27.48000	0.00	-0.25	0.94
25/06/2018	09:29:27.52000	0.00	-0.25	0.94
25/06/2018	09:29:27.56000	0.00	-0.25	0.94
25/06/2018	09:29:27.60000	0.00	-0.25	0.94
25/06/2018	09:29:27.64000	0.00	-0.25	0.94
25/06/2018	09:29:27.68000	0.00	-0.25	0.94
25/06/2018	09:29:27.72000	0.00	-0.25	0.94
25/06/2018	09:29:27.76000	0.00	-0.25	0.94
25/06/2018	09:29:27.80000	0.00	-0.25	0.94
25/06/2018	09:29:27.84000	0.00	-0.25	0.94
25/06/2018	09:29:27.88000	0.00	-0.31	0.94
25/06/2018	09:29:27.92000	0.00	-0.25	0.94
25/06/2018	09:29:27.96000	0.00	-0.25	0.94
25/06/2018	09:29:28.00000	0.00	-0.25	0.94
25/06/2018	09:29:28.04000	0.00	-0.31	0.94
25/06/2018	09:29:28.08000	0.00	-0.25	0.94
25/06/2018	09:29:28.12000	0.00	-0.25	0.94
25/06/2018	09:29:28.16000	0.00	-0.25	0.94
25/06/2018	09:29:28.20000	0.00	-0.25	0.94
25/06/2018	09:29:28.24000	0.00	-0.25	0.94
25/06/2018	09:29:28.28000	0.00	-0.31	0.94
25/06/2018	09:29:28.32000	0.00	-0.31	0.94
25/06/2018	09:29:28.36000	0.00	-0.25	0.94
25/06/2018	09:29:28.40000	0.00	-0.25	0.94
25/06/2018	09:29:28.44000	0.00	-0.25	0.94
25/06/2018	09:29:28.48000	0.00	-0.25	0.94
25/06/2018	09:29:28.52000	0.00	-0.25	0.94
25/06/2018	09:29:28.56000	0.00	-0.25	0.94
25/06/2018	09:29:28.60000	0.00	-0.25	0.94
25/06/2018	09:29:28.64000	0.00	-0.25	0.94
25/06/2018	09:29:28.68000	0.00	-0.25	0.94
25/06/2018	09:29:28.72000	0.00	-0.25	0.94
25/06/2018	09:29:28.76000	0.00	-0.25	0.94
25/06/2018	09:29:28.80000	0.00	-0.25	0.94
25/06/2018	09:29:28.84000	0.00	-0.25	0.94
25/06/2018	09:29:28.88000	0.00	-0.25	0.94
25/06/2018	09:29:28.92000	0.00	-0.25	0.94
25/06/2018	09:29:28.96000	0.00	-0.25	0.94
25/06/2018	09:29:29.00000	0.00	-0.25	0.94
25/06/2018	09:29:29.04000	0.00	-0.25	0.94
25/06/2018	09:29:29.08000	0.00	-0.25	0.94
25/06/2018	09:29:29.12000	0.00	-0.25	0.94
25/06/2018	09:29:29.16000	0.00	-0.31	0.94
25/06/2018	09:29:29.20000	0.00	-0.25	0.94
25/06/2018	09:29:29.24000	0.00	-0.25	0.94
25/06/2018	09:29:29.28000	0.00	-0.25	0.94
25/06/2018	09:29:29.32000	0.00	-0.31	0.94
25/06/2018	09:29:29.36000	0.00	-0.31	0.94
25/06/2018	09:29:29.40000	0.00	-0.25	0.94
25/06/2018	09:29:29.44000	0.00	-0.25	0.94
25/06/2018	09:29:29.48000	0.00	-0.25	0.94
25/06/2018	09:29:29.52000	0.00	-0.25	0.94
25/06/2018	09:29:29.56000	0.00	-0.25	0.94
25/06/2018	09:29:29.60000	0.00	-0.25	0.94
25/06/2018	09:29:29.64000	0.00	-0.25	0.94
25/06/2018	09:29:29.68000	0.00	-0.31	0.94
25/06/2018	09:29:29.72000	0.00	-0.25	0.94
25/06/2018	09:29:29.76000	0.00	-0.25	0.94
25/06/2018	09:29:29.80000	0.00	-0.25	0.94
25/06/2018	09:29:29.84000	0.00	-0.25	0.94
25/06/2018	09:29:29.88000	0.00	-0.25	0.94
25/06/2018	09:29:29.92000	0.00	-0.31	0.94
25/06/2018	09:29:29.96000	0.00	-0.25	0.94
25/06/2018	09:29:30.00000	0.00	-0.25	0.94
25/06/2018	09:29:30.04000	0.00	-0.25	0.94
25/06/2018	09:29:30.08000	0.00	-0.25	0.94
25/06/2018	09:29:30.12000	0.00	-0.25	0.94
25/06/2018	09:29:30.16000	0.00	-0.31	0.94
25/06/2018	09:29:30.20000	0.00	-0.25	0.94
25/06/2018	09:29:30.24000	0.00	-0.25	0.94
25/06/2018	09:29:30.28000	0.00	-0.25	0.94
25/06/2018	09:29:30.32000	0.00	-0.25	0.94
25/06/2018	09:29:30.36000	0.00	-0.25	0.94
25/06/2018	09:29:30.40000	0.00	-0.25	0.94
25/06/2018	09:29:30.44000	0.00	-0.25	0.94
25/06/2018	09:29:30.48000	0.00	-0.25	0.94
25/06/2018	09:29:30.52000	0.00	-0.25	0.94
25/06/2018	09:29:30.56000	0.00	-0.25	0.94
25/06/2018	09:29:30.60000	0.00	-0.25	0.94
25/06/2018	09:29:30.64000	0.00	-0.25	0.94
25/06/2018	09:29:30.68000	0.00	-0.31	0.94
25/06/2018	09:29:30.72000	0.00	-0.31	0.94
25/06/2018	09:29:30.76000	0.00	-0.25	0.94
25/06/2018	09:29:30.80000	0.00	-0.31	0.94
25/06/2018	09:29:30.84000	0.00	-0.25	0.94
25/06/2018	09:29:30.88000	0.00	-0.25	0.94
25/06/2018	09:29:30.92000	0.00	-0.25	0.94
25/06/2018	09:29:30.96000	0.00	-0.25	0.94
25/06/2018	09:29:31.00000	0.00	-0.25	0.94
25/06/2018	09:29:31.04000	0.00	-0.25	0.94
25/06/2018	09:29:31.08000	0.00	-0.25	0.94
25/06/2018	09:29:31.12000	0.00	-0.31	0.94
25/06/2018	09:29:31.16000	0.00	-0.31	0.94
25/06/2018	09:29:31.20000	0.00	-0.31	0.94
25/06/2018	09:29:31.24000	0.00	-0.25	0.94
25/06/2018	09:29:31.28000	0.00	-0.25	0.94
25/06/2018	09:29:31.32000	0.00	-0.25	0.94
25/06/2018	09:29:31.36000	0.00	-0.25	0.94
25/06/2018	09:29:31.40000	0.00	-0.25	0.94
25/06/2018	09:29:31.44000	0.00	-0.25	0.94
25/06/2018	09:29:31.48000	0.00	-0.25	0.94
25/06/2018	09:29:31.52000	0.00	-0.25	0.94
25/06/2018	09:29:31.56000	0.00	-0.31	0.94
25/06/2018	09:29:31.60000	0.00	-0.25	0.94
25/06/2018	09:29:31.64000	0.00	-0.25	0.94
25/06/2018	09:29:31.68000	0.00	-0.25	0.94
25/06/2018	09:29:31.72000	0.00	-0.25	0.94
25/06/2018	09:29:31.76000	0.00	-0.25	0.94
25/06/2018	09:29:31.80000	0.00	-0.25	0.94
25/06/2018	09:29:31.84000	0.00	-0.25	0.94
25/06/2018	09:29:31.88000	0.00	-0.25	0.94
25/06/2018	09:29:31.92000	0.00	-0.25	0.94
25/06/2018	09:29:31.96000	0.00	-0.25	0.94
25/06/2018	09:29:32.00000	0.00	-0.25	0.94
25/06/2018	09:29:32.04000	0.00	-0.25	0.94
25/06/2018	09:29:32.08000	0.00	-0.25	0.94
25/06/2018	09:29:32.12000	0.00	-0.25	0.94
25/06/2018	09:29:32.16000	0.00	-0.25	0.94
25/06/2018	09:29:32.20000	0.00	-0.25	0.94
25/06/2018	09:29:32.24000	0.00	-0.31	0.94
25/06/2018	09:29:32.28000	0.00	-0.31	0.94
25/06/2018	09:29:32.32000	0.00	-0.31	0.94
25/06/2018	09:29:32.36000	0.00	-0.31	0.94
25/06/2018	09:29:32.40000	0.00	-0.25	0.94
25/06/2018	09:29:32.44000	0.00	-0.25	0.94
25/06/2018	09:29:32.48000	0.00	-0.25	0.94
25/06/2018	09:29:32.52000	0.00	-0.25	0.94
25/06/2018	09:29:32.56000	0.00	-0.25	0.94
25/06/2018	09:29:32.60000	0.00	-0.25	0.94
25/06/2018	09:29:32.64000	0.00	-0.25	0.94
25/06/2018	09:29:32.68000	0.00	-0.25	0.94
25/06/2018	09:29:32.72000	0.00	-0.25	0.94
25/06/2018	09:29:32.76000	0.00	-0.25	0.94
25/06/2018	09:29:32.80000	0.00	-0.25	0.94
25/06/2018	09:29:32.84000	0.00	-0.25	0.94
25/06/2018	09:29:32.88000	0.00	-0.25	0.94
25/06/2018	09:29:32.92000	0.00	-0.25	0.94
25/06/2018	09:29:32.96000	0.00	-0.31	0.94
25/06/2018	09:29:33.00000	0.00	-0.31	0.94
25/06/2018	09:29:33.04000	0.00	-0.31	0.94
25/06/2018	09:29:33.08000	0.00	-0.25	0.94
25/06/2018	09:29:33.12000	0.00	-0.25	0.94
25/06/2018	09:29:33.16000	0.00	-0.25	0.94
25/06/2018	09:29:33.20000	0.00	-0.25	0.94
25/06/2018	09:29:33.24000	0.00	-0.25	0.94
25/06/2018	09:29:33.28000	0.00	-0.25	0.94
25/06/2018	09:29:33.32000	0.00	-0.25	0.94
25/06/2018	09:29:33.36000	0.00	-0.25	0.94
25/06/2018	09:29:33.40000	0.00	-0.25	0.94
25/06/2018	09:29:33.44000	0.00	-0.25	0.94
25/06/2018	09:29:33.48000	0.00	-0.25	0.94
25/06/2018	09:29:33.52000	0.00	-0.25	0.94
25/06/2018	09:29:33.56000	0.00	-0.25	0.94
25/06/2018	09:29:33.60000	0.00	-0.25	0.94
25/06/2018	09:29:33.64000	0.00	-0.25	0.94
25/06/2018	09:29:33.68000	0.00	-0.25	0.94
25/06/2018	09:29:33.72000	0.00	-0.25	0.94
25/06/2018	09:29:33.76000	0.00	-0.25	0.94
25/06/2018	09:29:33.80000	0.00	-0.25	0.94
25/06/2018	09:29:33.84000	0.00	-0.25	0.94
25/06/2018	09:29:33.88000	0.00	-0.25	0.94
25/06/2018	09:29:33.92000	0.00	-0.25	0.94
25/06/2018	09:29:33.96000	0.00	-0.25	0.94
25/06/2018	09:29:34.00000	0.00	-0.25	0.94
25/06/2018	09:29:34.04000	0.00	-0.31	0.94
25/06/2018	09:29:34.08000	0.00	-0.31	0.94
25/06/2018	09:29:34.12000	0.00	-0.31	0.94
25/06/2018	09:29:34.16000	0.00	-0.31	0.94
25/06/2018	09:29:34.20000	0.00	-0.25	0.94
25/06/2018	09:29:34.24000	0.00	-0.25	0.94
25/06/2018	09:29:34.28000	0.00	-0.25	0.94
25/06/2018	09:29:34.32000	0.00	-0.25	0.94
25/06/2018	09:29:34.36000	0.00	-0.25	0.94
25/06/2018	09:29:34.40000	0.00	-0.25	0.94
25/06/2018	09:29:34.44000	0.00	-0.25	0.94
25/06/2018	09:29:34.48000	0.00	-0.25	0.94
25/06/2018	09:29:34.52000	0.00	-0.25	0.94
25/06/2018	09:29:34.56000	0.00	-0.25	0.94
25/06/2018	09:29:34.60000	0.00	-0.25	0.94
25/06/2018	09:29:34.64000	0.00	-0.25	0.94
25/06/2018	09:29:34.68000	0.00	-0.25	0.94
25/06/2018	09:29:34.72000	0.00	-0.25	0.94
25/06/2018	09:29:34.76000	0.00	-0.31	0.94
25/06/2018	09:29:34.80000	0.00	-0.31	0.94
25/06/2018	09:29:34.84000	0.00	-0.31	0.94
25/06/2018	09:29:34.88000	0.00	-0.31	0.94
25/06/2018	09:29:34.92000	0.00	-0.25	0.94
25/06/2018	09:29:34.96000	0.00	-0.31	0.94
25/06/2018	09:29:35.00000	0.00	-0.31	0.94
25/06/2018	09:29:35.04000	0.00	-0.25	0.94
25/06/2018	09:29:35.08000	0.00	-0.25	0.94
25/06/2018	09:29:35.12000	0.00	-0.25	0.94
25/06/2018	09:29:35.16000	0.00	-0.25	0.94
25/06/2018	09:29:35.20000	0.00	-0.25	0.94
25/06/2018	09:29:35.24000	0.00	-0.25	0.94
25/06/2018	09:29:35.28000	0.00	-0.25	0.94
25/06/2018	09:29:35.32000	0.00	-0.25	0.94
25/06/2018	09:29:35.36000	0.00	-0.25	0.94
25/06/2018	09:29:35.40000	0.00	-0.25	0.94
25/06/2018	09:29:35.44000	0.00	-0.25	0.94
25/06/2018	09:29:35.48000	0.00	-0.25	0.94
25/06/2018	09:29:35.52000	0.00	-0.25	0.94
25/06/2018	09:29:35.56000	0.00	-0.25	0.94
25/06/2018	09:29:35.60000	0.00	-0.25	0.94
25/06/2018	09:29:35.64000	0.00	-0.25	0.94
25/06/2018	09:29:35.68000	0.00	-0.25	0.94
25/06/2018	09:29:35.72000	0.00	-0.25	0.94
25/06/2018	09:29:35.76000	0.00	-0.25	0.94
25/06/2018	09:29:35.80000	0.00	-0.25	0.94
25/06/2018	09:29:35.84000	0.00	-0.25	0.94
25/06/2018	09:29:35.88000	0.00	-0.25	0.94
25/06/2018	09:29:35.92000	0.00	-0.25	0.94
25/06/2018	09:29:35.96000	0.00	-0.25	0.94
25/06/2018	09:29:36.00000	0.00	-0.25	0.94
25/06/2018	09:29:36.04000	0.00	-0.31	0.94
25/06/2018	09:29:36.08000	0.00	-0.25	0.94
25/06/2018	09:29:36.12000	0.00	-0.25	0.94
25/06/2018	09:29:36.16000	0.00	-0.25	0.94
25/06/2018	09:29:36.20000	0.00	-0.25	0.94
25/06/2018	09:29:36.24000	0.00	-0.25	0.94
25/06/2018	09:29:36.28000	0.00	-0.31	0.94
25/06/2018	09:29:36.32000	0.00	-0.25	0.94
25/06/2018	09:29:36.36000	0.00	-0.25	0.94
25/06/2018	09:29:36.40000	0.00	-0.25	0.94
25/06/2018	09:29:36.44000	0.00	-0.25	0.94
25/06/2018	09:29:36.48000	0.00	-0.25	0.94
25/06/2018	09:29:36.52000	0.00	-0.31	0.94
25/06/2018	09:29:36.56000	0.00	-0.31	0.94
25/06/2018	09:29:36.60000	0.00	-0.31	0.94
25/06/2018	09:29:36.64000	0.00	-0.25	0.94
25/06/2018	09:29:36.68000	0.00	-0.31	0.94
25/06/2018	09:29:36.72000	0.00	-0.25	0.94
25/06/2018	09:29:36.76000	0.00	-0.25	0.94
25/06/2018	09:29:36.80000	0.00	-0.31	0.94
25/06/2018	09:29:36.84000	0.00	-0.31	0.94
25/06/2018	09:29:36.88000	0.00	-0.25	0.94
25/06/2018	09:29:36.92000	0.00	-0.31	0.94
25/06/2018	09:29:36.96000	0.00	-0.31	0.94
25/06/2018	09:29:37.00000	0.00	-0.25	0.94
25/06/2018	09:29:37.04000	0.00	-0.25	0.94
25/06/2018	09:29:37.08000	0.00	-0.31	0.94
25/06/2018	09:29:37.12000	0.00	-0.25	0.94
25/06/2018	09:29:37.16000	0.00	-0.25	0.94
25/06/2018	09:29:37.20000	0.00	-0.25	0.94
25/06/2018	09:29:37.24000	0.00	-0.25	0.94
25/06/2018	09:29:37.28000	0.00	-0.25	0.94
25/06/2018	09:29:37.32000	0.00	-0.31	0.94
25/06/2018	09:29:37.36000	0.00	-0.31	0.94
25/06/2018	09:29:37.40000	0.00	-0.25	0.94
25/06/2018	09:29:37.44000	0.00	-0.25	0.94
25/06/2018	09:29:37.48000	0.00	-0.25	0.94
25/06/2018	09:29:37.52000	0.00	-0.31	0.94
25/06/2018	09:29:37.56000	0.00	-0.25	0.94
25/06/2018	09:29:37.60000	0.00	-0.25	0.94
25/06/2018	09:29:37.64000	0.00	-0.25	0.94
25/06/2018	09:29:37.68000	0.00	-0.25	0.94
25/06/2018	09:29:37.72000	0.00	-0.25	0.94
25/06/2018	09:29:37.76000	0.00	-0.25	0.94
25/06/2018	09:29:37.80000	0.00	-0.25	0.94
25/06/2018	09:29:37.84000	0.00	-0.25	0.94
25/06/2018	09:29:37.88000	0.00	-0.25	0.94
25/06/2018	09:29:37.92000	0.00	-0.25	0.94
25/06/2018	09:29:37.96000	0.00	-0.31	0.94
25/06/2018	09:29:38.00000	0.00	-0.25	0.94
25/06/2018	09:29:38.04000	0.00	-0.25	0.94
25/06/2018	09:29:38.08000	0.00	-0.25	0.94
25/06/2018	09:29:38.12000	0.00	-0.25	0.94
25/06/2018	09:29:38.16000	0.00	-0.25	0.94
25/06/2018	09:29:38.20000	0.00	-0.25	0.94
25/06/2018	09:29:38.24000	0.00	-0.25	0.94
25/06/2018	09:29:38.28000	0.00	-0.25	0.94
25/06/2018	09:29:38.32000	0.00	-0.25	0.94
25/06/2018	09:29:38.36000	0.00	-0.25	0.94
25/06/2018	09:29:38.40000	0.00	-0.25	0.94
25/06/2018	09:29:38.44000	0.00	-0.25	0.94
25/06/2018	09:29:38.48000	0.00	-0.25	0.94
25/06/2018	09:29:38.52000	0.00	-0.25	0.94
25/06/2018	09:29:38.56000	0.00	-0.25	0.94
25/06/2018	09:29:38.60000	0.00	-0.25	0.94
25/06/2018	09:29:38.64000	0.00	-0.25	0.94
25/06/2018	09:29:38.68000	0.00	-0.25	0.94
25/06/2018	09:29:38.72000	0.00	-0.25	0.94
25/06/2018	09:29:38.76000	0.00	-0.31	0.94
25/06/2018	09:29:38.80000	0.00	-0.25	0.94
25/06/2018	09:29:38.84000	0.00	-0.25	0.94
25/06/2018	09:29:38.88000	0.00	-0.25	0.94
25/06/2018	09:29:38.92000	0.00	-0.25	0.94
25/06/2018	09:29:38.96000	0.00	-0.25	0.94
25/06/2018	09:29:39.00000	0.00	-0.25	0.94
25/06/2018	09:29:39.04000	0.00	-0.25	0.94
25/06/2018	09:29:39.08000	0.00	-0.25	0.94
25/06/2018	09:29:39.12000	0.00	-0.25	0.94
25/06/2018	09:29:39.16000	0.00	-0.25	0.94
25/06/2018	09:29:39.20000	0.00	-0.25	0.94
25/06/2018	09:29:39.24000	0.00	-0.25	0.94
25/06/2018	09:29:39.28000	0.00	-0.25	0.94
25/06/2018	09:29:39.32000	0.00	-0.25	0.94
25/06/2018	09:29:39.36000	0.00	-0.25	0.94
25/06/2018	09:29:39.40000	0.00	-0.25	0.94
25/06/2018	09:29:39.44000	0.00	-0.25	0.94
25/06/2018	09:29:39.48000	0.00	-0.31	0.94
25/06/2018	09:29:39.52000	0.00	-0.25	0.94
25/06/2018	09:29:39.56000	0.00	-0.25	0.94
25/06/2018	09:29:39.60000	0.00	-0.25	0.94
25/06/2018	09:29:39.64000	0.00	-0.25	0.94
25/06/2018	09:29:39.68000	0.00	-0.25	0.94
25/06/2018	09:29:39.72000	0.00	-0.25	0.94
25/06/2018	09:29:39.76000	0.00	-0.25	0.94
25/06/2018	09:29:39.80000	0.00	-0.25	0.94
25/06/2018	09:29:39.84000	0.00	-0.25	0.94
25/06/2018	09:29:39.88000	0.00	-0.25	0.94
25/06/2018	09:29:39.92000	0.00	-0.25	0.94
25/06/2018	09:29:39.96000	0.00	-0.25	0.94
25/06/2018	09:29:40.00000	0.00	-0.25	0.94
25/06/2018	09:29:40.04000	0.00	-0.25	0.94
25/06/2018	09:29:40.08000	0.00	-0.25	0.94
25/06/2018	09:29:40.12000	0.00	-0.31	0.94
25/06/2018	09:29:40.16000	0.00	-0.25	0.94
25/06/2018	09:29:40.20000	0.00	-0.25	0.94
25/06/2018	09:29:40.24000	0.00	-0.25	0.94
25/06/2018	09:29:40.28000	0.00	-0.25	0.94
25/06/2018	09:29:40.32000	0.00	-0.31	0.94
25/06/2018	09:29:40.36000	0.00	-0.31	0.94
25/06/2018	09:29:40.40000	0.00	-0.25	0.94
25/06/2018	09:29:40.44000	0.00	-0.25	0.94
25/06/2018	09:29:40.48000	0.00	-0.25	0.94
25/06/2018	09:29:40.52000	0.00	-0.25	0.94
25/06/2018	09:29:40.56000	0.00	-0.25	0.94
25/06/2018	09:29:40.60000	0.00	-0.25	0.94
25/06/2018	09:29:40.64000	0.00	-0.25	0.94
25/06/2018	09:29:40.68000	0.00	-0.25	0.94
25/06/2018	09:29:40.72000	0.00	-0.25	0.94
25/06/2018	09:29:40.76000	0.00	-0.25	0.94
25/06/2018	09:29:40.80000	0.00	-0.25	0.94
25/06/2018	09:29:40.84000	0.00	-0.25	0.94
25/06/2018	09:29:40.88000	0.00	-0.25	0.94
25/06/2018	09:29:40.92000	0.00	-0.31	0.94
25/06/2018	09:29:40.96000	0.00	-0.25	0.94
25/06/2018	09:29:41.00000	0.00	-0.31	0.94
25/06/2018	09:29:41.04000	0.00	-0.25	0.94
25/06/2018	09:29:41.08000	0.00	-0.25	0.94
25/06/2018	09:29:41.12000	0.00	-0.25	0.94
25/06/2018	09:29:41.16000	0.00	-0.25	0.94
25/06/2018	09:29:41.20000	0.00	-0.31	0.94
25/06/2018	09:29:41.24000	0.00	-0.25	0.94
25/06/2018	09:29:41.28000	0.00	-0.31	0.94
25/06/2018	09:29:41.32000	0.00	-0.25	0.94
25/06/2018	09:29:41.36000	0.00	-0.31	0.94
25/06/2018	09:29:41.40000	0.00	-0.25	0.94
25/06/2018	09:29:41.44000	0.00	-0.25	0.94
25/06/2018	09:29:41.48000	0.00	-0.25	0.94
25/06/2018	09:29:41.52000	0.00	-0.25	0.94
25/06/2018	09:29:41.56000	0.00	-0.25	0.94
25/06/2018	09:29:41.60000	0.00	-0.31	0.94
25/06/2018	09:29:41.64000	0.00	-0.31	0.94
25/06/2018	09:29:41.68000	0.00	-0.25	0.94
25/06/2018	09:29:41.72000	0.00	-0.25	0.94
25/06/2018	09:29:41.76000	0.00	-0.31	0.94
25/06/2018	09:29:41.80000	0.00	-0.25	0.94
25/06/2018	09:29:41.84000	0.00	-0.25	0.94
25/06/2018	09:29:41.88000	0.00	-0.25	0.94
25/06/2018	09:29:41.92000	0.00	-0.31	0.94
25/06/2018	09:29:41.96000	0.00	-0.25	0.94
25/06/2018	09:29:42.00000	0.00	-0.25	0.94
25/06/2018	09:29:42.04000	0.00	-0.25	0.94
25/06/2018	09:29:42.08000	0.00	-0.25	0.94
25/06/2018	09:29:42.12000	0.00	-0.25	0.94
25/06/2018	09:29:42.16000	0.00	-0.25	0.94
25/06/2018	09:29:42.20000	0.00	-0.25	0.94
25/06/2018	09:29:42.24000	0.00	-0.25	0.94
25/06/2018	09:29:42.28000	0.00	-0.25	0.94
25/06/2018	09:29:42.32000	0.00	-0.25	0.94
25/06/2018	09:29:42.36000	0.00	-0.31	0.94
25/06/2018	09:29:42.40000	0.00	-0.25	0.94
25/06/2018	09:29:42.44000	0.00	-0.25	0.94
25/06/2018	09:29:42.48000	0.00	-0.25	0.94
25/06/2018	09:29:42.52000	0.00	-0.25	0.94
25/06/2018	09:29:42.56000	0.00	-0.25	0.94
25/06/2018	09:29:42.60000	0.00	-0.25	0.94
25/06/2018	09:29:42.64000	0.00	-0.25	0.94
25/06/2018	09:29:42.68000	0.00	-0.25	0.94
25/06/2018	09:29:42.72000	0.00	-0.25	0.94
25/06/2018	09:29:42.76000	0.00	-0.25	0.94
25/06/2018	09:29:42.80000	0.00	-0.31	0.94
25/06/2018	09:29:42.84000	0.00	-0.31	0.94
25/06/2018	09:29:42.88000	0.00	-0.25	0.94
25/06/2018	09:29:42.92000	0.00	-0.25	0.94
25/06/2018	09:29:42.96000	0.00	-0.25	0.94
25/06/2018	09:29:43.00000	0.00	-0.25	0.94
25/06/2018	09:29:43.04000	0.00	-0.25	0.94
25/06/2018	09:29:43.08000	0.00	-0.31	0.94
25/06/2018	09:29:43.12000	0.00	-0.25	0.94
25/06/2018	09:29:43.16000	0.00	-0.25	0.94
25/06/2018	09:29:43.20000	0.00	-0.25	0.94
25/06/2018	09:29:43.24000	0.00	-0.25	0.94
25/06/2018	09:29:43.28000	0.00	-0.25	0.94
25/06/2018	09:29:43.32000	0.00	-0.31	0.94
25/06/2018	09:29:43.36000	0.00	-0.25	0.94
25/06/2018	09:29:43.40000	0.00	-0.25	0.94
25/06/2018	09:29:43.44000	0.00	-0.25	0.94
25/06/2018	09:29:43.48000	0.00	-0.25	0.94
25/06/2018	09:29:43.52000	0.00	-0.25	0.94
25/06/2018	09:29:43.56000	0.00	-0.25	0.94
25/06/2018	09:29:43.60000	0.00	-0.25	0.94
25/06/2018	09:29:43.64000	0.00	-0.25	0.94
25/06/2018	09:29:43.68000	0.00	-0.25	0.94
25/06/2018	09:29:43.72000	0.00	-0.25	0.94
25/06/2018	09:29:43.76000	0.00	-0.25	0.94
25/06/2018	09:29:43.80000	0.00	-0.25	0.94
25/06/2018	09:29:43.84000	0.00	-0.25	0.94
25/06/2018	09:29:43.88000	0.00	-0.25	0.94
25/06/2018	09:29:43.92000	0.00	-0.25	0.94
25/06/2018	09:29:43.96000	0.00	-0.25	0.94
25/06/2018	09:29:44.00000	0.00	-0.25	0.94
25/06/2018	09:29:44.04000	0.00	-0.25	0.94
25/06/2018	09:29:44.08000	0.00	-0.25	0.94
25/06/2018	09:29:44.12000	0.00	-0.25	0.94
25/06/2018	09:29:44.16000	0.00	-0.25	0.94
25/06/2018	09:29:44.20000	0.00	-0.25	0.94
25/06/2018	09:29:44.24000	0.00	-0.25	0.94
25/06/2018	09:29:44.28000	0.00	-0.25	0.94
25/06/2018	09:29:44.32000	0.00	-0.31	0.94
25/06/2018	09:29:44.36000	0.00	-0.31	0.94
25/06/2018	09:29:44.40000	0.00	-0.31	0.94
25/06/2018	09:29:44.44000	0.00	-0.25	0.94
25/06/2018	09:29:44.48000	0.00	-0.25	0.94
25/06/2018	09:29:44.52000	0.00	-0.25	0.94
25/06/2018	09:29:44.56000	0.00	-0.25	0.94
25/06/2018	09:29:44.60000	0.00	-0.25	0.94
25/06/2018	09:29:44.64000	0.00	-0.25	0.94
25/06/2018	09:29:44.68000	0.00	-0.25	0.94
25/06/2018	09:29:44.72000	0.00	-0.25	0.94
25/06/2018	09:29:44.76000	0.00	-0.25	0.94
25/06/2018	09:29:44.80000	0.00	-0.31	0.94
25/06/2018	09:29:44.84000	0.00	-0.25	0.94
25/06/2018	09:29:44.88000	0.00	-0.31	0.94
25/06/2018	09:29:44.92000	0.00	-0.25	0.94
25/06/2018	09:29:44.96000	0.00	-0.25	0.94
25/06/2018	09:29:45.00000	0.00	-0.25	0.94
25/06/2018	09:29:45.04000	0.00	-0.25	0.94
25/06/2018	09:29:45.08000	0.00	-0.25	0.94
25/06/2018	09:29:45.12000	0.00	-0.25	0.94
25/06/2018	09:29:45.16000	0.00	-0.25	0.94
25/06/2018	09:29:45.20000	0.00	-0.25	0.94
25/06/2018	09:29:45.24000	0.00	-0.25	0.94
25/06/2018	09:29:45.28000	0.00	-0.25	0.94
25/06/2018	09:29:45.32000	0.00	-0.25	0.94
25/06/2018	09:29:45.36000	0.00	-0.25	0.94
25/06/2018	09:29:45.40000	0.00	-0.25	0.94
25/06/2018	09:29:45.44000	0.00	-0.31	0.94
25/06/2018	09:29:45.48000	0.00	-0.31	0.94
25/06/2018	09:29:45.52000	0.00	-0.25	0.94
25/06/2018	09:29:45.56000	0.00	-0.25	0.94
25/06/2018	09:29:45.60000	0.00	-0.25	0.94
25/06/2018	09:29:45.64000	0.00	-0.25	0.94
25/06/2018	09:29:45.68000	0.00	-0.25	0.94
25/06/2018	09:29:45.72000	0.00	-0.25	0.94
25/06/2018	09:29:45.76000	0.00	-0.25	0.94
25/06/2018	09:29:45.80000	0.00	-0.25	0.94
25/06/2018	09:29:45.84000	0.00	-0.25	0.94
25/06/2018	09:29:45.88000	0.00	-0.25	0.94
25/06/2018	09:29:45.92000	0.00	-0.25	0.94
25/06/2018	09:29:45.96000	0.00	-0.25	0.94
25/06/2018	09:29:46.00000	0.00	-0.25	0.94
25/06/2018	09:29:46.04000	0.00	-0.25	0.94
25/06/2018	09:29:46.08000	0.00	-0.31	0.94
25/06/2018	09:29:46.12000	0.00	-0.31	0.94
25/06/2018	09:29:46.16000	0.00	-0.25	0.94
25/06/2018	09:29:46.20000	0.00	-0.31	0.94
25/06/2018	09:29:46.24000	0.00	-0.25	0.94
25/06/2018	09:29:46.28000	0.00	-0.25	0.94
25/06/2018	09:29:46.32000	0.00	-0.25	0.94
25/06/2018	09:29:46.36000	0.00	-0.25	0.94
25/06/2018	09:29:46.40000	0.00	-0.31	0.94
25/06/2018	09:29:46.44000	0.00	-0.31	0.94
25/06/2018	09:29:46.48000	0.00	-0.31	0.94
25/06/2018	09:29:46.52000	0.00	-0.25	0.94
25/06/2018	09:29:46.56000	0.00	-0.25	0.94
25/06/2018	09:29:46.60000	0.00	-0.25	0.94
25/06/2018	09:29:46.64000	0.00	-0.25	0.94
25/06/2018	09:29:46.68000	0.00	-0.25	0.94
25/06/2018	09:29:46.72000	0.00	-0.25	0.94
25/06/2018	09:29:46.76000	0.00	-0.25	0.94
25/06/2018	09:29:46.80000	0.00	-0.31	0.94
25/06/2018	09:29:46.84000	0.00	-0.31	0.94
25/06/2018	09:29:46.88000	0.00	-0.31	0.94
25/06/2018	09:29:46.92000	0.00	-0.31	0.94
25/06/2018	09:29:46.96000	0.00	-0.31	0.94
25/06/2018	09:29:47.00000	0.00	-0.31	0.94
25/06/2018	09:29:47.04000	0.00	-0.25	0.94
25/06/2018	09:29:47.08000	0.00	-0.25	0.94
25/06/2018	09:29:47.12000	0.00	-0.31	0.94
25/06/2018	09:29:47.16000	0.00	-0.31	0.94
25/06/2018	09:29:47.20000	0.00	-0.31	0.94
25/06/2018	09:29:47.24000	-0.06	-0.25	0.94
25/06/2018	09:29:47.28000	0.06	-0.19	0.69
25/06/2018	09:29:47.32000	0.00	-0.25	1.00
25/06/2018	09:29:47.36000	0.00	-0.25	0.94
25/06/2018	09:29:47.40000	0.00	-0.25	0.94
25/06/2018	09:29:47.44000	0.00	-0.25	0.94
25/06/2018	09:29:47.48000	0.00	-0.31	0.88
25/06/2018	09:29:47.52000	0.00	-0.31	0.94
25/06/2018	09:29:47.56000	0.00	-0.31	1.00
25/06/2018	09:29:47.60000	0.00	-0.25	0.94
25/06/2018	09:29:47.64000	0.00	-0.25	0.94
25/06/2018	09:29:47.68000	0.00	-0.31	1.00
25/06/2018	09:29:47.72000	0.00	-0.25	0.94
25/06/2018	09:29:47.76000	0.00	-0.25	0.94
25/06/2018	09:29:47.80000	0.00	-0.44	0.94
25/06/2018	09:29:47.84000	0.00	-0.38	0.94
25/06/2018	09:29:47.88000	0.00	-0.38	0.94
25/06/2018	09:29:47.92000	0.00	-0.31	0.94
25/06/2018	09:29:47.96000	0.00	-0.31	0.94
25/06/2018	09:29:48.00000	0.00	-0.31	0.94
25/06/2018	09:29:48.04000	0.00	-0.25	0.94
25/06/2018	09:29:48.08000	0.00	-0.25	0.94
25/06/2018	09:29:48.12000	0.00	-0.25	0.94
25/06/2018	09:29:48.16000	0.00	-0.25	1.00
25/06/2018	09:29:48.20000	0.00	-0.25	0.94
25/06/2018	09:29:48.24000	0.00	-0.25	0.94
25/06/2018	09:29:48.28000	0.00	-0.25	0.94
25/06/2018	09:29:48.32000	0.00	-0.31	0.94
25/06/2018	09:29:48.36000	0.00	-0.31	0.94
25/06/2018	09:29:48.40000	0.00	-0.31	0.94
25/06/2018	09:29:48.44000	-0.06	-0.25	0.94
25/06/2018	09:29:48.48000	-0.06	-0.25	0.94
25/06/2018	09:29:48.52000	0.06	-1.06	1.75
25/06/2018	09:29:48.56000	0.00	-0.63	0.94
25/06/2018	09:29:48.60000	0.00	-0.44	0.94
25/06/2018	09:29:48.64000	0.00	-0.31	1.00
25/06/2018	09:29:48.68000	0.00	-0.25	0.94
25/06/2018	09:29:48.72000	0.00	-0.25	0.94
25/06/2018	09:29:48.76000	0.00	-0.31	0.94
25/06/2018	09:29:48.80000	0.00	-0.25	0.94
25/06/2018	09:29:48.84000	-0.06	-0.25	0.94
25/06/2018	09:29:48.88000	0.00	-0.25	0.94
25/06/2018	09:29:48.92000	-0.06	-0.25	0.94
25/06/2018	09:29:48.96000	-0.06	-0.25	0.94
25/06/2018	09:29:49.00000	0.00	-0.31	0.94
25/06/2018	09:29:49.04000	0.00	-0.31	0.94
25/06/2018	09:29:49.08000	0.00	-0.31	0.94
25/06/2018	09:29:49.12000	0.00	-0.31	0.94
25/06/2018	09:29:49.16000	0.00	-0.31	0.94
25/06/2018	09:29:49.20000	0.00	-0.31	0.94
25/06/2018	09:29:49.24000	0.00	-0.31	0.94
25/06/2018	09:29:49.28000	-0.06	-0.31	0.94
25/06/2018	09:29:49.32000	-0.06	-0.31	0.94
25/06/2018	09:29:49.36000	0.00	-0.31	0.94
25/06/2018	09:29:49.40000	0.00	-0.31	0.94
25/06/2018	09:29:49.44000	0.00	-0.31	0.94
25/06/2018	09:29:49.48000	0.00	-0.31	0.94
25/06/2018	09:29:49.52000	0.00	-0.31	0.94
25/06/2018	09:29:49.56000	0.00	-0.31	0.94
25/06/2018	09:29:49.60000	0.00	-0.31	0.94
25/06/2018	09:29:49.64000	0.00	-0.31	0.94
25/06/2018	09:29:49.68000	0.00	-0.31	0.94
25/06/2018	09:29:49.72000	0.00	-0.31	0.94
25/06/2018	09:29:49.76000	0.00	-0.31	0.94
25/06/2018	09:29:49.80000	0.00	-0.31	0.94
25/06/2018	09:29:49.84000	0.00	-0.31	0.94
25/06/2018	09:29:49.88000	0.00	-0.31	0.94
25/06/2018	09:29:49.92000	0.00	-0.31	0.94
25/06/2018	09:29:49.96000	0.00	-0.31	0.94
25/06/2018	09:29:50.00000	0.00	-0.31	0.94
25/06/2018	09:29:50.04000	-0.06	-0.31	0.94
25/06/2018	09:29:50.08000	0.00	-0.31	0.94
25/06/2018	09:29:50.12000	0.00	-0.31	0.94
25/06/2018	09:29:50.16000	0.00	-0.31	0.94
25/06/2018	09:29:50.20000	0.00	-0.31	0.94
25/06/2018	09:29:50.24000	0.00	-0.31	0.94
25/06/2018	09:29:50.28000	0.00	-0.31	0.94
25/06/2018	09:29:50.32000	0.00	-0.31	0.94
25/06/2018	09:29:50.36000	0.00	-0.31	0.94
25/06/2018	09:29:50.40000	0.00	-0.31	0.94
25/06/2018	09:29:50.44000	0.00	-0.31	0.94
25/06/2018	09:29:50.48000	0.00	-0.31	0.94
25/06/2018	09:29:50.52000	0.00	-0.31	0.94
25/06/2018	09:29:50.56000	0.00	-0.31	1.00
25/06/2018	09:29:50.60000	0.00	-0.31	0.94
25/06/2018	09:29:50.64000	0.00	-0.38	0.94
25/06/2018	09:29:50.68000	0.00	-0.31	0.94
25/06/2018	09:29:50.72000	0.00	-0.31	0.94
25/06/2018	09:29:50.76000	0.00	-0.31	0.94
25/06/2018	09:29:50.80000	0.00	-0.31	0.94
25/06/2018	09:29:50.84000	0.00	-0.31	0.94
25/06/2018	09:29:50.88000	0.00	-0.31	0.94
25/06/2018	09:29:50.92000	-0.06	-0.38	0.94
25/06/2018	09:29:50.96000	-0.06	-0.38	0.94
25/06/2018	09:29:51.00000	-0.06	-0.38	0.94
25/06/2018	09:29:51.04000	-0.06	-0.31	0.94
25/06/2018	09:29:51.08000	-0.06	-0.31	0.94
25/06/2018	09:29:51.12000	-0.06	-0.31	0.94
25/06/2018	09:29:51.16000	-0.06	-0.31	0.94
25/06/2018	09:29:51.20000	0.00	-0.31	0.94
25/06/2018	09:29:51.24000	0.00	-0.31	0.94
25/06/2018	09:29:51.28000	0.00	-0.31	0.94
25/06/2018	09:29:51.32000	0.00	-0.31	0.94
25/06/2018	09:29:51.36000	0.00	-0.31	0.94
25/06/2018	09:29:51.40000	0.00	-0.31	0.94
25/06/2018	09:29:51.44000	0.00	-0.31	0.94
25/06/2018	09:29:51.48000	0.00	-0.31	0.94
25/06/2018	09:29:51.52000	0.00	-0.31	0.94
25/06/2018	09:29:51.56000	0.00	-0.31	0.94
25/06/2018	09:29:51.60000	0.00	-0.31	0.94
25/06/2018	09:29:51.64000	0.00	-0.31	0.94
25/06/2018	09:29:51.68000	0.00	-0.31	0.94
25/06/2018	09:29:51.72000	0.00	-0.31	0.94
25/06/2018	09:29:51.76000	0.00	-0.31	0.94
25/06/2018	09:29:51.80000	0.00	-0.31	0.88
25/06/2018	09:29:51.84000	0.00	-0.31	0.94
25/06/2018	09:29:51.88000	0.00	-0.31	0.94
25/06/2018	09:29:51.92000	0.00	-0.31	0.94
25/06/2018	09:29:51.96000	0.00	-0.31	1.00
25/06/2018	09:29:52.00000	0.00	-0.31	0.94
25/06/2018	09:29:52.04000	0.00	-0.31	0.94
25/06/2018	09:29:52.08000	-0.06	-0.31	0.94
25/06/2018	09:29:52.12000	0.00	-0.31	0.94
25/06/2018	09:29:52.16000	0.00	-0.31	0.94
25/06/2018	09:29:52.20000	0.00	-0.31	0.94
25/06/2018	09:29:52.24000	0.00	-0.31	0.94
25/06/2018	09:29:52.28000	0.00	-0.31	0.94
25/06/2018	09:29:52.32000	0.00	-0.31	0.94
25/06/2018	09:29:52.36000	0.00	-0.31	0.94
25/06/2018	09:29:52.40000	0.00	-0.31	0.94
25/06/2018	09:29:52.44000	0.00	-0.31	0.94
25/06/2018	09:29:52.48000	0.00	-0.31	0.94
25/06/2018	09:29:52.52000	0.00	-0.31	0.94
25/06/2018	09:29:52.56000	0.00	-0.31	0.94
25/06/2018	09:29:52.60000	0.00	-0.31	0.94
25/06/2018	09:29:52.64000	0.00	-0.31	0.94
25/06/2018	09:29:52.68000	0.00	-0.31	0.94
25/06/2018	09:29:52.72000	0.00	-0.31	0.94
25/06/2018	09:29:52.76000	0.00	-0.31	0.94
25/06/2018	09:29:52.80000	0.00	-0.31	0.94
25/06/2018	09:29:52.84000	0.00	-0.31	0.94
25/06/2018	09:29:52.88000	0.00	-0.31	0.94
25/06/2018	09:29:52.92000	0.00	-0.31	0.94
25/06/2018	09:29:52.96000	0.00	-0.31	0.94
25/06/2018	09:29:53.00000	0.00	-0.31	0.94
25/06/2018	09:29:53.04000	0.00	-0.31	0.94
25/06/2018	09:29:53.08000	0.00	-0.31	0.94
25/06/2018	09:29:53.12000	0.00	-0.31	0.94
25/06/2018	09:29:53.16000	0.00	-0.31	0.94
25/06/2018	09:29:53.20000	0.00	-0.31	0.94
25/06/2018	09:29:53.24000	0.00	-0.31	0.94
25/06/2018	09:29:53.28000	0.00	-0.31	0.94
25/06/2018	09:29:53.32000	0.00	-0.31	0.94
25/06/2018	09:29:53.36000	0.00	-0.31	0.94
25/06/2018	09:29:53.40000	0.00	-0.31	1.00
25/06/2018	09:29:53.44000	0.00	-0.31	0.94
25/06/2018	09:29:53.48000	0.00	-0.31	0.94
25/06/2018	09:29:53.52000	0.00	-0.31	0.94
25/06/2018	09:29:53.56000	0.00	-0.31	0.94
25/06/2018	09:29:53.60000	0.00	-0.31	0.94
25/06/2018	09:29:53.64000	0.00	-0.31	0.94
25/06/2018	09:29:53.68000	0.00	-0.31	0.94
25/06/2018	09:29:53.72000	0.00	-0.31	0.94
25/06/2018	09:29:53.76000	0.00	-0.31	0.94
25/06/2018	09:29:53.80000	0.00	-0.31	0.94
25/06/2018	09:29:53.84000	0.00	-0.31	1.00
25/06/2018	09:29:53.88000	0.00	-0.31	0.94
25/06/2018	09:29:53.92000	0.00	-0.31	0.94
25/06/2018	09:29:53.96000	0.00	-0.31	0.94
25/06/2018	09:29:54.00000	0.00	-0.31	0.94
25/06/2018	09:29:54.04000	0.00	-0.31	0.94
25/06/2018	09:29:54.08000	0.00	-0.31	0.94
25/06/2018	09:29:54.12000	0.00	-0.31	0.94
25/06/2018	09:29:54.16000	0.00	-0.31	0.94
25/06/2018	09:29:54.20000	0.00	-0.31	0.94
25/06/2018	09:29:54.24000	0.00	-0.31	0.94
25/06/2018	09:29:54.28000	0.00	-0.31	0.94
25/06/2018	09:29:54.32000	0.00	-0.31	0.94
25/06/2018	09:29:54.36000	0.00	-0.31	0.94
25/06/2018	09:29:54.40000	0.06	-0.38	1.00
25/06/2018	09:29:54.44000	0.00	-0.31	0.94
25/06/2018	09:29:54.48000	0.00	-0.31	0.94
25/06/2018	09:29:54.52000	0.00	-0.31	0.88
25/06/2018	09:29:54.56000	0.00	-0.31	0.94
25/06/2018	09:29:54.60000	-0.06	-0.31	1.00
25/06/2018	09:29:54.64000	-0.06	-0.38	1.00
25/06/2018	09:29:54.68000	0.00	-0.31	0.94
25/06/2018	09:29:54.72000	0.00	-0.31	0.94
25/06/2018	09:29:54.76000	0.00	-0.31	0.94
25/06/2018	09:29:54.80000	0.00	-0.31	0.94
25/06/2018	09:29:54.84000	0.00	-0.31	0.94
25/06/2018	09:29:54.88000	0.00	-0.31	0.94
25/06/2018	09:29:54.92000	0.00	-0.31	0.94
25/06/2018	09:29:54.96000	0.00	-0.31	0.94
25/06/2018	09:29:55.00000	0.00	-0.31	0.94
25/06/2018	09:29:55.04000	0.00	-0.31	0.94
25/06/2018	09:29:55.08000	0.00	-0.31	0.94
25/06/2018	09:29:55.12000	0.00	-0.31	0.94
25/06/2018	09:29:55.16000	0.00	-0.31	0.94
25/06/2018	09:29:55.20000	0.00	-0.31	0.94
25/06/2018	09:29:55.24000	0.00	-0.31	0.94
25/06/2018	09:29:55.28000	0.00	-0.38	0.94
25/06/2018	09:29:55.32000	0.00	-0.31	0.94
25/06/2018	09:29:55.36000	0.00	-0.31	0.88
25/06/2018	09:29:55.40000	0.00	-0.31	0.94
25/06/2018	09:29:55.44000	0.00	-0.31	0.94
25/06/2018	09:29:55.48000	0.00	-0.31	0.94
25/06/2018	09:29:55.52000	0.00	-0.31	0.94
25/06/2018	09:29:55.56000	0.00	-0.31	0.94
25/06/2018	09:29:55.60000	0.00	-0.38	0.94
25/06/2018	09:29:55.64000	0.00	-0.31	0.94
25/06/2018	09:29:55.68000	0.00	-0.31	0.94
25/06/2018	09:29:55.72000	0.00	-0.31	0.94
25/06/2018	09:29:55.76000	0.00	-0.31	0.94
25/06/2018	09:29:55.80000	0.00	-0.31	0.94
25/06/2018	09:29:55.84000	0.00	-0.31	0.94
25/06/2018	09:29:55.88000	0.00	-0.31	0.94
25/06/2018	09:29:55.92000	0.00	-0.31	0.94
25/06/2018	09:29:55.96000	0.00	-0.31	0.94
25/06/2018	09:29:56.00000	0.00	-0.31	0.94
25/06/2018	09:29:56.04000	0.00	-0.31	0.94
25/06/2018	09:29:56.08000	0.00	-0.31	0.94
25/06/2018	09:29:56.12000	0.00	-0.31	0.94
25/06/2018	09:29:56.16000	0.00	-0.31	0.94
25/06/2018	09:29:56.20000	0.00	-0.31	0.94
25/06/2018	09:29:56.24000	0.00	-0.31	0.94
25/06/2018	09:29:56.28000	0.00	-0.31	0.94
25/06/2018	09:29:56.32000	0.00	-0.31	0.94
25/06/2018	09:29:56.36000	0.00	-0.31	0.94
25/06/2018	09:29:56.40000	0.00	-0.31	0.94
25/06/2018	09:29:56.44000	0.00	-0.31	0.94
25/06/2018	09:29:56.48000	0.00	-0.31	0.94
25/06/2018	09:29:56.52000	0.00	-0.31	0.94
25/06/2018	09:29:56.56000	0.00	-0.31	0.94
25/06/2018	09:29:56.60000	0.00	-0.31	0.94
25/06/2018	09:29:56.64000	0.00	-0.31	0.94
25/06/2018	09:29:56.68000	0.00	-0.31	0.94
25/06/2018	09:29:56.72000	0.00	-0.31	0.94
25/06/2018	09:29:56.76000	0.00	-0.31	0.94
25/06/2018	09:29:56.80000	0.00	-0.31	0.94
25/06/2018	09:29:56.84000	0.00	-0.31	0.94
25/06/2018	09:29:56.88000	0.00	-0.31	0.94
25/06/2018	09:29:56.92000	0.00	-0.31	0.94
25/06/2018	09:29:56.96000	0.00	-0.31	0.94
25/06/2018	09:29:57.00000	0.00	-0.31	0.94
25/06/2018	09:29:57.04000	0.00	-0.31	0.88
25/06/2018	09:29:57.08000	0.00	-0.31	0.94
25/06/2018	09:29:57.12000	0.00	-0.31	0.94
25/06/2018	09:29:57.16000	-0.06	-0.31	0.94
25/06/2018	09:29:57.20000	0.00	-0.31	0.94
25/06/2018	09:29:57.24000	0.00	-0.31	0.94
25/06/2018	09:29:57.28000	0.00	-0.38	0.94
25/06/2018	09:29:57.32000	0.00	-0.31	0.94
25/06/2018	09:29:57.36000	0.00	-0.31	0.94
25/06/2018	09:29:57.40000	0.00	-0.31	0.94
25/06/2018	09:29:57.44000	0.00	-0.31	0.94
25/06/2018	09:29:57.48000	0.00	-0.31	0.94
25/06/2018	09:29:57.52000	0.00	-0.31	0.94
25/06/2018	09:29:57.56000	-0.06	-0.31	0.94
25/06/2018	09:29:57.60000	-0.06	-0.31	0.94
25/06/2018	09:29:57.64000	-0.06	-0.31	0.94
25/06/2018	09:29:57.68000	0.00	-0.31	0.94
25/06/2018	09:29:57.72000	0.00	-0.31	0.94
25/06/2018	09:29:57.76000	0.00	-0.31	0.94
25/06/2018	09:29:57.80000	0.00	-0.31	0.94
25/06/2018	09:29:57.84000	0.00	-0.31	0.94
25/06/2018	09:29:57.88000	0.00	-0.31	0.94
25/06/2018	09:29:57.92000	0.00	-0.31	0.94
25/06/2018	09:29:57.96000	0.00	-0.31	0.94
25/06/2018	09:29:58.00000	0.00	-0.31	0.94
25/06/2018	09:29:58.04000	0.00	-0.31	0.94
25/06/2018	09:29:58.08000	0.00	-0.31	0.94
25/06/2018	09:29:58.12000	0.00	-0.38	1.00
25/06/2018	09:29:58.16000	0.00	-0.31	0.94
25/06/2018	09:29:58.20000	0.00	-0.38	0.94
25/06/2018	09:29:58.24000	0.00	-0.31	0.94
25/06/2018	09:29:58.28000	0.00	-0.31	0.94
25/06/2018	09:29:58.32000	0.00	-0.31	0.94
25/06/2018	09:29:58.36000	-0.06	-0.38	0.94
25/06/2018	09:29:58.40000	0.00	-0.31	0.94
25/06/2018	09:29:58.44000	0.00	-0.31	0.94
25/06/2018	09:29:58.48000	0.00	-0.31	0.94
25/06/2018	09:29:58.52000	0.00	-0.31	0.94
25/06/2018	09:29:58.56000	0.00	-0.31	0.94
25/06/2018	09:29:58.60000	0.00	-0.31	0.88
25/06/2018	09:29:58.64000	0.00	-0.31	0.94
25/06/2018	09:29:58.68000	0.00	-0.31	0.88
25/06/2018	09:29:58.72000	0.00	-0.31	0.94
25/06/2018	09:29:58.76000	0.00	-0.31	0.94
25/06/2018	09:29:58.80000	0.00	-0.31	0.94
25/06/2018	09:29:58.84000	0.00	-0.31	0.94
25/06/2018	09:29:58.88000	0.00	-0.31	0.94
25/06/2018	09:29:58.92000	0.00	-0.31	0.94
25/06/2018	09:29:58.96000	0.00	-0.31	0.94
25/06/2018	09:29:59.00000	0.00	-0.31	0.94
25/06/2018	09:29:59.04000	0.00	-0.31	0.94
25/06/2018	09:29:59.08000	0.00	-0.31	0.94
25/06/2018	09:29:59.12000	0.00	-0.31	0.94
25/06/2018	09:29:59.16000	0.00	-0.31	0.94
25/06/2018	09:29:59.20000	0.00	-0.31	0.94
25/06/2018	09:29:59.24000	0.00	-0.31	0.94
25/06/2018	09:29:59.28000	0.00	-0.31	0.94
25/06/2018	09:29:59.32000	0.00	-0.31	0.94
25/06/2018	09:29:59.36000	0.00	-0.31	0.94
25/06/2018	09:29:59.40000	0.00	-0.31	0.94
25/06/2018	09:29:59.44000	0.00	-0.31	0.94
25/06/2018	09:29:59.48000	0.00	-0.31	0.94
25/06/2018	09:29:59.52000	0.00	-0.31	0.94
25/06/2018	09:29:59.56000	0.00	-0.31	0.94
25/06/2018	09:29:59.60000	0.00	-0.31	0.94
25/06/2018	09:29:59.64000	0.00	-0.31	0.94
25/06/2018	09:29:59.68000	0.00	-0.31	0.94
25/06/2018	09:29:59.72000	0.00	-0.31	0.94
25/06/2018	09:29:59.76000	0.00	-0.31	0.94
25/06/2018	09:29:59.80000	0.00	-0.31	0.94
25/06/2018	09:29:59.84000	0.00	-0.31	0.94
25/06/2018	09:29:59.88000	0.00	-0.31	0.94
25/06/2018	09:29:59.92000	0.00	-0.31	0.94
25/06/2018	09:29:59.96000	0.00	-0.31	0.94
25/06/2018	09:30:00.00000	0.00	-0.31	0.94
25/06/2018	09:30:00.04000	0.00	-0.31	0.94
25/06/2018	09:30:00.08000	0.00	-0.31	0.94
25/06/2018	09:30:00.12000	0.00	-0.31	0.94
25/06/2018	09:30:00.16000	0.00	-0.31	0.94
25/06/2018	09:30:00.20000	0.00	-0.38	0.94
25/06/2018	09:30:00.24000	0.00	-0.31	0.94
25/06/2018	09:30:00.28000	0.00	-0.38	1.00
25/06/2018	09:30:00.32000	0.00	-0.31	0.94
25/06/2018	09:30:00.36000	0.00	-0.31	0.94
25/06/2018	09:30:00.40000	0.00	-0.31	0.94
25/06/2018	09:30:00.44000	0.00	-0.31	0.94
25/06/2018	09:30:00.48000	0.00	-0.31	0.88
25/06/2018	09:30:00.52000	0.00	-0.31	1.00
25/06/2018	09:30:00.56000	0.00	-0.38	1.00
25/06/2018	09:30:00.60000	0.00	-0.38	0.94
25/06/2018	09:30:00.64000	0.00	-0.31	0.94
25/06/2018	09:30:00.68000	0.00	-0.31	0.94
25/06/2018	09:30:00.72000	0.00	-0.31	0.94
25/06/2018	09:30:00.76000	0.00	-0.38	0.88
25/06/2018	09:30:00.80000	0.00	-0.31	0.94
25/06/2018	09:30:00.84000	0.00	-0.31	0.94
25/06/2018	09:30:00.88000	0.00	-0.31	0.94
